call_id,leader,leader_url,members
1762690436.8694288,1758702538.9640459,https://speaker-recognition-audio.oss-cn-shanghai-internal.aliyuncs.com/datasets/daily/cscrm/1758702538.9640459.wav,"['1754042990.6371250', '1758702538.9640459', '1756879767.3917412', '1754209157.7363029', '1761037341.2449073', '1761874467.67284', '1757643215.130071', '1754988052.13660589', '1761980569.1191572', '1761277454.4878428', '1759737944.18511549', '1762690436.8694288', '1755762078.19987544', '1755846062.20659436', '1753696047.4040067', '1753778307.4629051']"
1762687822.8671013,1751507459.705028,https://speaker-recognition-audio.oss-cn-shanghai-internal.aliyuncs.com/datasets/daily/cscrm/1751507459.705028.wav,"['1751507459.705028', '1761912042.734946', '1750495986.4755297', '1761961399.827763', '1760322083.1848897', '1762687822.8671013', '1752546728.8398342', '1761186792.3811740']"
1762686734.8660592,1761564288.7800178,https://speaker-recognition-audio.oss-cn-shanghai-internal.aliyuncs.com/datasets/daily/cscrm/1761564288.7800178.wav,"['1761564288.7800178', '1761739568.9763095', '1756285779.24000727', '1762686734.8660592']"
1762682513.8613377,1745543270.10383608,https://speaker-recognition-audio.oss-cn-shanghai-internal.aliyuncs.com/datasets/daily/cscrm/1745543270.10383608.wav,"['1745543270.10383608', '1739697620.55483841', '1761291474.5163098', '1747110841.19063580', '1757933372.2750816', '1740639377.60475975', '1741249674.64234071', '1741743328.66589642', '1745560410.10605139', '1741858478.67431532', '1761795632.10081150', '1761619379.8069578', '1736847468.42834151', '1737883192.48038592', '1758518696.7809782', '1741672460.66285400', '1741173372.63833669', '1739696539.55472880', '1739416955.54060037', '1740452531.59275347']"
1762681250.8594849,1761540363.7283676,https://speaker-recognition-audio.oss-cn-shanghai-internal.aliyuncs.com/datasets/daily/cscrm/1761540363.7283676.wav,"['1762681250.8594849', '1761540363.7283676', '1761565110.7810284', '1761636878.8452505', '1760254112.1404901', '1757490817.2091561', '1761297566.5304161', '1761383878.6082380', '1757485602.1979541']"
1762682061.8607407,1751889930.3607681,https://speaker-recognition-audio.oss-cn-shanghai-internal.aliyuncs.com/datasets/daily/cscrm/1751889930.3607681.wav,"['1761039732.2506460', '1752038953.4636477', '1761887543.315429', '1759140150.13823110', '1758536095.8181210', '1760618127.2266601', '1751889930.3607681', '1761015476.1914192', '1758090271.4180141', '1762682061.8607407', '1759373461.15523764', '1760941278.1171457', '1758788199.10442152', '1760698281.3130274', '1761826977.10661186', '1760522063.1121094', '1759217995.14455791', '1760685853.2857245', '1761528421.6985752', '1761450013.6475532']"
1762682000.8606530,1752038953.4636477,https://speaker-recognition-audio.oss-cn-shanghai-internal.aliyuncs.com/datasets/daily/cscrm/1752038953.4636477.wav,"['1762682000.8606530', '1761039732.2506460', '1752038953.4636477', '1761887543.315429', '1759140150.13823110', '1758536095.8181210', '1760618127.2266601', '1751889930.3607681', '1761015476.1914192', '1758090271.4180141', '1759373461.15523764', '1760941278.1171457', '1758788199.10442152', '1760698281.3130274', '1761826977.10661186', '1760522063.1121094', '1759217995.14455791', '1760685853.2857245', '1761528421.6985752', '1761450013.6475532']"
1762680660.8584990,1753758847.4344997,https://speaker-recognition-audio.oss-cn-shanghai-internal.aliyuncs.com/datasets/daily/cscrm/1753758847.4344997.wav,"['1742551140.71518653', '1737797386.47699556', '1752831378.10973831', '1760773373.3719231', '1753758847.4344997', '1748591661.28619958', '1760007842.21123132', '1748163066.25906015', '1745894816.12457422', '1754098321.6503900', '1741757546.66765566', '1756719538.2835748', '1741669773.66258702', '1760161432.426580', '1741506768.65466340', '1754707112.11332078', '1759478319.16467963', '1753520156.2788923', '1753327338.1215598', '1753163230.13275741']"
1762680537.8582836,1753422140.2011012,https://speaker-recognition-audio.oss-cn-shanghai-internal.aliyuncs.com/datasets/daily/cscrm/1753422140.2011012.wav,"['1750061776.1557258', '1761116766.3228358', '1750496812.4766184', '1753422140.2011012', '1760873216.621426', '1748154293.25807060', '1742285047.69643538', '1753690189.3928437', '1757920106.2468848', '1747275204.20083121', '1762680537.8582836', '1740734346.61193319', '1738910992.51271564', '1755753216.19825961', '1748323677.26815544', '1753781491.4676719', '1746590051.15900763', '1752471839.7872517', '1744701403.5781872', '1745199639.8351328']"
1762674965.8483080,1747015203.18326912,https://speaker-recognition-audio.oss-cn-shanghai-internal.aliyuncs.com/datasets/daily/cscrm/1747015203.18326912.wav,"['1747015203.18326912', '1758766129.9989310', '1755225240.15495129', '1756779299.3055943', '1754987166.13643400', '1755669589.19120881', '1758162800.4728698', '1757577345.2837051', '1737712606.47340760', '1756795025.3313788', '1747287972.20253131', '1756542976.1776127', '1742529053.71208371', '1756548060.1832254', '1761734103.9679315', '1741833431.67142460', '1762674965.8483080', '1753950363.5731718', '1753259409.806204', '1759820510.19125573']"
1762673693.8456409,1751507271.700940,https://speaker-recognition-audio.oss-cn-shanghai-internal.aliyuncs.com/datasets/daily/cscrm/1751507271.700940.wav,"['1754295446.7990130', '1743054109.74144048', '1749952089.661889', '1752979580.11825060', '1746414097.14908386', '1747732561.23144421', '1753585430.3061874', '1751507271.700940', '1748506825.28143719', '1749090150.31122910', '1737943518.48141451', '1762673693.8456409', '1743673321.410351', '1755674281.19210504', '1750405068.4097125', '1753674515.3688241', '1745376801.9449675', '1743661909.258040', '1749026239.30868256', '1754184449.7031196']"
1762670251.8385950,1753340941.1406150,https://speaker-recognition-audio.oss-cn-shanghai-internal.aliyuncs.com/datasets/daily/cscrm/1753340941.1406150.wav,"['1753340941.1406150', '1762670251.8385950', '1752483863.8090980', '1753247133.597497', '1742036389.68359588', '1754481270.9503148', '1750336896.3670545', '1760678426.2690097', '1756024158.21958307', '1751971916.4262775', '1750236934.2875923', '1761198019.4064025', '1753790159.4759728', '1758022818.3730441', '1758448226.7349905', '1759126963.13547275', '1755074251.14363353', '1761547494.7422730', '1758851713.10806120', '1757418589.1551192']"
1762654902.8091244,1738805424.50454886,https://speaker-recognition-audio.oss-cn-shanghai-internal.aliyuncs.com/datasets/daily/cscrm/1738805424.50454886.wav,"['1761207638.4295668', '1736393941.40118236', '1740212198.58170596', '1762654902.8091244', '1736750236.42239383', '1735893185.37231223', '1760099537.22173421', '1739597731.54980668', '1740209373.58141967', '1760758842.3470410', '1736151214.38598530', '1760322130.1850443', '1761120270.3320943', '1738805424.50454886', '1758598321.8532148', '1739086561.52325134', '1738742832.50276879', '1737458211.46130745', '1737430514.45836533', '1737789998.47633028']"
1762655186.8099056,1762655186.8099056,https://speaker-recognition-audio.oss-cn-shanghai-internal.aliyuncs.com/datasets/daily/cscrm/1762655186.8099056.wav,"['1762655186.8099056', '1761547232.7416753', '1762245162.3738695', '1761358444.5617914']"
1762602992.7911793,1759736562.18484354,https://speaker-recognition-audio.oss-cn-shanghai-internal.aliyuncs.com/datasets/daily/cscrm/1759736562.18484354.wav,"['1750496124.4757233', '1761043592.2579041', '1759736562.18484354', '1747450963.21258879', '1750671687.5932973', '1756361318.373293', '1751088628.8703379', '1744528452.4721094', '1751524867.970026', '1760687697.2907400', '1748162584.25901273', '1752490101.8190368', '1759145899.13898111', '1756098957.22396298', '1748084963.25533260', '1751099287.8859919', '1757234041.6657483', '1744341505.3664861', '1752545604.8372119', '1752655310.9464655']"
1762601596.7892280,1756372094.579808,https://speaker-recognition-audio.oss-cn-shanghai-internal.aliyuncs.com/datasets/daily/cscrm/1756372094.579808.wav,"['1758350957.6532692', '1757385478.985072', '1756114360.22683958', '1758612509.8771178', '1758091302.4200015', '1756454918.1207262', '1756087657.22204779', '1756890597.4094781', '1758593286.8408759', '1758963879.12072731', '1758425128.7025397', '1759128429.13579559', '1756372094.579808', '1756272941.23775944', '1758431352.7095543', '1756282809.23950477', '1758276798.6061136', '1756365229.441748', '1757488645.2040854', '1761111246.3097203']"
1762598764.7845199,1753758847.4344997,https://speaker-recognition-audio.oss-cn-shanghai-internal.aliyuncs.com/datasets/daily/cscrm/1753758847.4344997.wav,"['1742551140.71518653', '1737797386.47699556', '1752831378.10973831', '1760773373.3719231', '1753758847.4344997', '1748591661.28619958', '1760007842.21123132', '1748163066.25906015', '1745894816.12457422', '1754098321.6503900', '1741757546.66765566', '1756719538.2835748', '1741669773.66258702', '1760161432.426580', '1741506768.65466340', '1754707112.11332078', '1759478319.16467963', '1753520156.2788923', '1753327338.1215598', '1753163230.13275741']"
1762598514.7840348,1745543270.10383608,https://speaker-recognition-audio.oss-cn-shanghai-internal.aliyuncs.com/datasets/daily/cscrm/1745543270.10383608.wav,"['1745543270.10383608', '1739697620.55483841', '1761291474.5163098', '1747110841.19063580', '1757933372.2750816', '1740639377.60475975', '1741249674.64234071', '1741743328.66589642', '1745560410.10605139', '1741858478.67431532', '1761795632.10081150', '1761619379.8069578', '1736847468.42834151', '1737883192.48038592', '1758518696.7809782', '1741672460.66285400', '1741173372.63833669', '1739696539.55472880', '1739416955.54060037', '1740452531.59275347']"
1762597011.7816970,1762481475.6044730,https://speaker-recognition-audio.oss-cn-shanghai-internal.aliyuncs.com/datasets/daily/cscrm/1762481475.6044730.wav,"['1762481475.6044730', '1762420497.5683747', '1761910715.721672', '1762597011.7816970']"
1762596193.7803641,1756460757.1304294,https://speaker-recognition-audio.oss-cn-shanghai-internal.aliyuncs.com/datasets/daily/cscrm/1756460757.1304294.wav,"['1756460757.1304294', '1757300577.268170', '1757298382.213980', '1757036320.4976012', '1761204914.4225875', '1762596193.7803641']"
1762595170.7779755,1757480778.1894383,https://speaker-recognition-audio.oss-cn-shanghai-internal.aliyuncs.com/datasets/daily/cscrm/1757480778.1894383.wav,"['1757480778.1894383', '1762073420.2024174', '1761983070.1249089', '1762595170.7779755', '1757580552.2896348']"
1762594646.7768749,1756184651.23079316,https://speaker-recognition-audio.oss-cn-shanghai-internal.aliyuncs.com/datasets/daily/cscrm/1756184651.23079316.wav,"['1754644303.11031192', '1756184651.23079316', '1756716976.2792668', '1757899656.2070628', '1754993895.13760463', '1759220389.14510098', '1761878530.165001', '1758867073.11113522', '1755929604.21268150', '1755675502.19236850', '1755244152.15807677', '1762594646.7768749', '1756718448.2818219', '1754016283.6006203', '1739262261.53359934', '1753337804.1352667', '1756522567.1529639']"
1762594276.7761085,1752667863.9628376,https://speaker-recognition-audio.oss-cn-shanghai-internal.aliyuncs.com/datasets/daily/cscrm/1752667863.9628376.wav,"['1752667863.9628376', '1753514870.2712646', '1757679912.738874', '1755247401.15869789', '1752808697.10600614', '1752566571.8727294', '1758863784.11054577', '1749965768.843713', '1747626840.22236937', '1752655845.9474058', '1761290790.5146318', '1754387969.8758070', '1751091938.8750538', '1754470492.9363217', '1755767518.20096417', '1749291784.32667685', '1752028426.4474331', '1761805280.10247644', '1755256356.16005224', '1756366401.465599']"
1762593881.7752849,1758876685.11333237,https://speaker-recognition-audio.oss-cn-shanghai-internal.aliyuncs.com/datasets/daily/cscrm/1758876685.11333237.wav,"['1758876685.11333237', '1751426527.187771', '1752739192.10136979', '1742194221.69044680', '1762593881.7752849', '1761796584.10100735', '1750927278.7683961', '1759907687.19910441', '1762420791.5690183', '1759212221.14335109', '1757040671.5087401', '1751104481.8929000', '1742351563.69933538']"
1762591758.7706109,1741767163.66891509,https://speaker-recognition-audio.oss-cn-shanghai-internal.aliyuncs.com/datasets/daily/cscrm/1741767163.66891509.wav,"['1741767163.66891509', '1762591758.7706109', '1757921082.2490427', '1743149643.74750400']"
1762591290.7695305,1760755395.3392515,https://speaker-recognition-audio.oss-cn-shanghai-internal.aliyuncs.com/datasets/daily/cscrm/1760755395.3392515.wav,"['1759906798.19890929', '1761986043.1321614', '1760755395.3392515', '1761906484.670373', '1761558378.7698476', '1761553522.7579412', '1760596876.1806003', '1761741127.9779208', '1760950283.1418742', '1759919526.20140045', '1762591290.7695305']"
1762590477.7676797,1760600436.1903215,https://speaker-recognition-audio.oss-cn-shanghai-internal.aliyuncs.com/datasets/daily/cscrm/1760600436.1903215.wav,"['1760691000.2982755', '1759136005.13741390', '1760600436.1903215', '1760091940.22068468', '1762590477.7676797', '1758796469.10612596', '1761038442.2476029', '1761287901.5077860', '1761291370.5160256', '1760238428.1139365', '1759828594.19293308']"
1762589364.7650126,1760755395.3392515,https://speaker-recognition-audio.oss-cn-shanghai-internal.aliyuncs.com/datasets/daily/cscrm/1760755395.3392515.wav,"['1759906798.19890929', '1761986043.1321614', '1760755395.3392515', '1761906484.670373', '1762589364.7650126', '1761558378.7698476', '1761553522.7579412', '1760596876.1806003', '1761741127.9779208', '1760950283.1418742', '1759919526.20140045']"
1762587852.7612887,1762081857.2128466,https://speaker-recognition-audio.oss-cn-shanghai-internal.aliyuncs.com/datasets/daily/cscrm/1762081857.2128466.wav,"['1762081857.2128466', '1762587852.7612887', '1761469945.6778578', '1762509256.6708726', '1761470827.6791337']"
1762587467.7601990,1760755395.3392515,https://speaker-recognition-audio.oss-cn-shanghai-internal.aliyuncs.com/datasets/daily/cscrm/1760755395.3392515.wav,"['1759906798.19890929', '1761986043.1321614', '1760755395.3392515', '1761906484.670373', '1761558378.7698476', '1762587467.7601990', '1761553522.7579412', '1760596876.1806003', '1761741127.9779208', '1760950283.1418742', '1759919526.20140045', '1762341049.4881626']"
1762585575.7542197,1755670511.19137217,https://speaker-recognition-audio.oss-cn-shanghai-internal.aliyuncs.com/datasets/daily/cscrm/1755670511.19137217.wav,"['1755670511.19137217', '1742449557.70631029', '1754644761.11039510', '1757481796.1909335', '1755245151.15826290', '1749882707.347951', '1751261287.9717318', '1744792110.6412952', '1753436397.2260359', '1742883304.73204138', '1758091082.4195758', '1760779491.3840376', '1757322972.675852', '1757222127.6495573', '1745379363.9492801', '1761638504.8497949', '1751961020.4076839', '1753154845.13172329', '1757225610.6538485', '1751513616.830079']"
1762584896.7522143,1760697074.3112068,https://speaker-recognition-audio.oss-cn-shanghai-internal.aliyuncs.com/datasets/daily/cscrm/1760697074.3112068.wav,"['1760697074.3112068', '1762584896.7522143', '1757815955.1494666', '1759196566.14028199']"
1762584096.7496263,1757496745.2212168,https://speaker-recognition-audio.oss-cn-shanghai-internal.aliyuncs.com/datasets/daily/cscrm/1757496745.2212168.wav,"['1760077868.21709219', '1760858876.406659', '1761034905.2388224', '1760865374.524083', '1757496745.2212168', '1761374995.5910524', '1760010746.21159207', '1759976791.20395111', '1758504801.7518376', '1760941517.1176814', '1756105611.22507334', '1760582183.1492630', '1762584096.7496263', '1756280861.23912834']"
1762579437.7365815,1758955619.11924221,https://speaker-recognition-audio.oss-cn-shanghai-internal.aliyuncs.com/datasets/daily/cscrm/1758955619.11924221.wav,"['1757730954.898090', '1758955619.11924221', '1748341736.27059712', '1754463423.9234727', '1751869564.3300629', '1755071034.14305065', '1752392261.7360225', '1760946052.1302942', '1761732058.9638784', '1761787472.9870059', '1758693729.9453055', '1758089563.4164959', '1762579437.7365815', '1756031288.22046768']"
1762581442.7419265,1758616730.8864920,https://speaker-recognition-audio.oss-cn-shanghai-internal.aliyuncs.com/datasets/daily/cscrm/1758616730.8864920.wav,"['1758616730.8864920', '1759827722.19276247', '1761374934.5909508', '1761129736.3522582', '1761364174.5747592', '1762581442.7419265', '1760924214.755012', '1759136075.13742773', '1761794255.10049591', '1761709650.9136442', '1739415858.54043896', '1760781631.3872942']"
1762580453.7393354,1759023568.12320615,https://speaker-recognition-audio.oss-cn-shanghai-internal.aliyuncs.com/datasets/daily/cscrm/1759023568.12320615.wav,"['1760508479.768893', '1760863217.488342', '1759023568.12320615', '1760078059.21714168', '1754035190.6257061', '1757039264.5048505', '1756956085.4412484', '1760426712.3163860', '1754896086.12802907', '1753091339.12848582', '1756104942.22495217', '1755585930.18418691', '1757835560.1770196', '1756347814.143296', '1761102377.2920771', '1754375066.8528346', '1753323734.1137306', '1753778883.4637712', '1754982730.13551157', '1756804936.3491269']"
1762580517.7394992,1758955619.11924221,https://speaker-recognition-audio.oss-cn-shanghai-internal.aliyuncs.com/datasets/daily/cscrm/1758955619.11924221.wav,"['1757730954.898090', '1758955619.11924221', '1754463423.9234727', '1751869564.3300629', '1755071034.14305065', '1752392261.7360225', '1760946052.1302942', '1761732058.9638784', '1761787472.9870059', '1748252553.26485115', '1758693729.9453055', '1758089563.4164959', '1756031288.22046768']"
1762580963.7404723,1761039732.2506460,https://speaker-recognition-audio.oss-cn-shanghai-internal.aliyuncs.com/datasets/daily/cscrm/1761039732.2506460.wav,"['1761039732.2506460', '1752038953.4636477', '1761887543.315429', '1759140150.13823110', '1758536095.8181210', '1760618127.2266601', '1762580963.7404723', '1751889930.3607681', '1761015476.1914192', '1758090271.4180141', '1759373461.15523764', '1760941278.1171457', '1758788199.10442152', '1760698281.3130274', '1761826977.10661186', '1760522063.1121094', '1759217995.14455791', '1760685853.2857245', '1761528421.6985752', '1761450013.6475532']"
1762580876.7402082,1759140150.13823110,https://speaker-recognition-audio.oss-cn-shanghai-internal.aliyuncs.com/datasets/daily/cscrm/1759140150.13823110.wav,"['1761039732.2506460', '1752038953.4636477', '1761887543.315429', '1759140150.13823110', '1758536095.8181210', '1760618127.2266601', '1751889930.3607681', '1761015476.1914192', '1758090271.4180141', '1759373461.15523764', '1760941278.1171457', '1762580876.7402082', '1758788199.10442152', '1760698281.3130274', '1761826977.10661186', '1760522063.1121094', '1759217995.14455791', '1760685853.2857245', '1761528421.6985752', '1761450013.6475532']"
1762580400.7392107,1760089909.22027253,https://speaker-recognition-audio.oss-cn-shanghai-internal.aliyuncs.com/datasets/daily/cscrm/1760089909.22027253.wav,"['1752217479.6180501', '1761475033.6849205', '1759905469.19862702', '1760089909.22027253', '1762580400.7392107', '1755930021.21273881', '1760427148.3175137', '1761293269.5209727', '1760512332.864718', '1759145790.13897079', '1744452906.4442973', '1741865994.67499700', '1743312430.75396120', '1742460882.70838521', '1742018232.68195593', '1760165428.518166', '1742364090.70081719', '1760425346.3131023', '1761650077.8753934', '1761471755.6805504']"
1762580060.7382316,1753422140.2011012,https://speaker-recognition-audio.oss-cn-shanghai-internal.aliyuncs.com/datasets/daily/cscrm/1753422140.2011012.wav,"['1750061776.1557258', '1761116766.3228358', '1750496812.4766184', '1753422140.2011012', '1760873216.621426', '1748154293.25807060', '1742285047.69643538', '1753690189.3928437', '1757920106.2468848', '1747275204.20083121', '1740734346.61193319', '1738910992.51271564', '1755753216.19825961', '1751699047.2231878', '1748323677.26815544', '1753781491.4676719', '1746590051.15900763', '1752471839.7872517', '1762580060.7382316', '1744701403.5781872']"
1762580115.7384226,1759023568.12320615,https://speaker-recognition-audio.oss-cn-shanghai-internal.aliyuncs.com/datasets/daily/cscrm/1759023568.12320615.wav,"['1760508479.768893', '1760863217.488342', '1759023568.12320615', '1760078059.21714168', '1754035190.6257061', '1757039264.5048505', '1756956085.4412484', '1760426712.3163860', '1754896086.12802907', '1753091339.12848582', '1756104942.22495217', '1755585930.18418691', '1757835560.1770196', '1756347814.143296', '1761102377.2920771', '1754375066.8528346', '1753323734.1137306', '1753778883.4637712', '1754982730.13551157', '1756804936.3491269']"
1762578668.7345078,1751276571.9938248,https://speaker-recognition-audio.oss-cn-shanghai-internal.aliyuncs.com/datasets/daily/cscrm/1751276571.9938248.wav,"['1750930975.7736970', '1757406330.1362212', '1753953756.5779810', '1750407385.4141899', '1751694035.2167257', '1749621997.34863927', '1751276571.9938248', '1750151181.2253938', '1751953087.3937799', '1762578668.7345078', '1753076750.12563414', '1756194741.23235815', '1750931201.7739855', '1752039378.4641977', '1750832711.6977604', '1750666854.5855153', '1753255642.730282', '1750923034.7617811', '1754041008.6344483', '1751530850.1072170']"
1762572288.7193033,1762246187.3763556,https://speaker-recognition-audio.oss-cn-shanghai-internal.aliyuncs.com/datasets/daily/cscrm/1762246187.3763556.wav,"['1762246187.3763556', '1760518538.1036054', '1756288456.24043637', '1755658055.18934969', '1760608051.2120006', '1758785487.10375620', '1760584251.1552152', '1761819041.10562346', '1758850300.10771366', '1760004701.21073462', '1762572288.7193033', '1758590866.8340419', '1760148213.132665']"
1762569928.7111608,1758536095.8181210,https://speaker-recognition-audio.oss-cn-shanghai-internal.aliyuncs.com/datasets/daily/cscrm/1758536095.8181210.wav,"['1761039732.2506460', '1752038953.4636477', '1761887543.315429', '1759140150.13823110', '1758536095.8181210', '1760618127.2266601', '1751889930.3607681', '1761015476.1914192', '1758090271.4180141', '1759373461.15523764', '1760941278.1171457', '1758788199.10442152', '1760698281.3130274', '1762569928.7111608', '1761826977.10661186', '1760522063.1121094', '1759217995.14455791', '1760685853.2857245', '1761528421.6985752', '1761450013.6475532']"
1762568901.7075808,1759374824.15551744,https://speaker-recognition-audio.oss-cn-shanghai-internal.aliyuncs.com/datasets/daily/cscrm/1759374824.15551744.wav,"['1759374824.15551744', '1757905098.2210149', '1744448902.4403578', '1749541583.34320554', '1758880798.11413275', '1762568901.7075808', '1757476579.1847248', '1760782345.3884964', '1761100328.2861915', '1758609568.8707990', '1758881216.11420762', '1750044147.1289270', '1756196816.23277895', '1757754507.1254511', '1754540086.9901389', '1751337611.10155341']"
1762567371.7020796,1752720941.9831632,https://speaker-recognition-audio.oss-cn-shanghai-internal.aliyuncs.com/datasets/daily/cscrm/1752720941.9831632.wav,"['1747982798.24859593', '1754049685.6430686', '1758879031.11380799', '1752400799.7465216', '1756110922.22617960', '1755085729.14537753', '1757482879.1926860', '1753253718.695203', '1753875789.5323156', '1757120994.5645732', '1752748061.10294081', '1760944199.1247621', '1754118262.6769405', '1753600980.3243187', '1752720941.9831632', '1757140237.5968058', '1750994982.8012773', '1759231207.14684676', '1756189728.23145785', '1747712960.22861898']"
1762566245.6981279,1761527099.6950948,https://speaker-recognition-audio.oss-cn-shanghai-internal.aliyuncs.com/datasets/daily/cscrm/1761527099.6950948.wav,"['1761527099.6950948', '1760770699.3659742', '1757403340.1299628', '1760758691.3467510', '1746518413.15562399', '1760091250.22054870', '1762566245.6981279']"
1762565312.6950955,1739333341.53648381,https://speaker-recognition-audio.oss-cn-shanghai-internal.aliyuncs.com/datasets/daily/cscrm/1739333341.53648381.wav,"['1739333341.53648381', '1737515395.46273639', '1762565312.6950955', '1754548957.10052982']"
1762564504.6925156,1745569960.10742012,https://speaker-recognition-audio.oss-cn-shanghai-internal.aliyuncs.com/datasets/daily/cscrm/1745569960.10742012.wav,"['1747882211.24072763', '1762564504.6925156', '1745569960.10742012', '1749779203.35937252', '1755065403.14198472', '1751678587.1956469', '1747619343.22090140', '1746757407.16925681', '1751356446.10417301', '1744770714.6132586', '1754211440.7395638', '1749609022.34675598', '1752838145.11067254', '1747384581.20981594', '1744773540.6188326', '1743404430.75796323', '1745569512.10735672', '1747291976.20311718', '1740825062.61731910', '1744081349.2112934']"
1762519377.6858172,1758089563.4164959,https://speaker-recognition-audio.oss-cn-shanghai-internal.aliyuncs.com/datasets/daily/cscrm/1758089563.4164959.wav,"['1757730954.898090', '1758955619.11924221', '1754463423.9234727', '1751869564.3300629', '1752392261.7360225', '1755071034.14305065', '1760946052.1302942', '1761732058.9638784', '1761787472.9870059', '1762519377.6858172', '1748252553.26485115', '1758693729.9453055', '1758089563.4164959', '1756031288.22046768']"
1762513943.6798036,1757485175.1970511,https://speaker-recognition-audio.oss-cn-shanghai-internal.aliyuncs.com/datasets/daily/cscrm/1757485175.1970511.wav,"['1757485175.1970511', '1762513943.6798036', '1760323959.1905468', '1759027284.12431421']"
1762513469.6791983,1758955619.11924221,https://speaker-recognition-audio.oss-cn-shanghai-internal.aliyuncs.com/datasets/daily/cscrm/1758955619.11924221.wav,"['1757730954.898090', '1758955619.11924221', '1754463423.9234727', '1751869564.3300629', '1752392261.7360225', '1755071034.14305065', '1760946052.1302942', '1761732058.9638784', '1761787472.9870059', '1748252553.26485115', '1758693729.9453055', '1758089563.4164959', '1756031288.22046768']"
1762513730.6795407,1761636299.8436070,https://speaker-recognition-audio.oss-cn-shanghai-internal.aliyuncs.com/datasets/daily/cscrm/1761636299.8436070.wav,"['1761636299.8436070', '1761196416.4035323', '1761903672.625638', '1756114503.22686236', '1755170128.15284844', '1756193823.23216926', '1760679867.2718912', '1762513730.6795407']"
1762511174.6750347,1760003263.21042126,https://speaker-recognition-audio.oss-cn-shanghai-internal.aliyuncs.com/datasets/daily/cscrm/1760003263.21042126.wav,"['1760003263.21042126', '1761030006.2238597', '1762511174.6750347', '1761908808.700625', '1760931485.975198', '1761294263.5233628', '1760773423.3720479', '1761290280.5133783']"
1762510975.6746292,1746581088.15755714,https://speaker-recognition-audio.oss-cn-shanghai-internal.aliyuncs.com/datasets/daily/cscrm/1746581088.15755714.wav,"['1746581088.15755714', '1757229613.6593139', '1756800336.3411968', '1747722987.22983833', '1755158848.15103165', '1741850133.67322241', '1747725673.23030438', '1756799383.3393775', '1760087273.21960838', '1757848391.1936480']"
1762509469.6713968,1737010423.43802300,https://speaker-recognition-audio.oss-cn-shanghai-internal.aliyuncs.com/datasets/daily/cscrm/1737010423.43802300.wav,"['1737010423.43802300', '1756349887.192420', '1757128056.5798207', '1749452146.33622120', '1760430179.3249273', '1745891381.12393531', '1757672154.652433', '1754545973.9985109', '1741339660.64780044', '1742296681.69783119', '1737364179.45604495', '1758694898.9475630', '1756273741.23786624', '1761028750.2205657', '1752911503.11507305', '1740032398.57189510', '1743586182.76793767', '1758695996.9497211', '1741068689.63119023', '1753432644.2199691']"
1762509256.6708726,1762081857.2128466,https://speaker-recognition-audio.oss-cn-shanghai-internal.aliyuncs.com/datasets/daily/cscrm/1762081857.2128466.wav,"['1762081857.2128466', '1761736873.9723413', '1761469945.6778578', '1762509256.6708726', '1761470827.6791337']"
1762507825.6675212,1761292038.5178781,https://speaker-recognition-audio.oss-cn-shanghai-internal.aliyuncs.com/datasets/daily/cscrm/1761292038.5178781.wav,"['1753840405.4844242', '1760424618.3115148', '1758505406.7534156', '1757731801.915536', '1760327471.1998249', '1754290480.7898425', '1755084065.14520133', '1761292038.5178781', '1762507825.6675212', '1758331443.6217381', '1758098172.4349622', '1757585306.2983391', '1757755607.1271632', '1756452254.1159207', '1757755791.1274064']"
1762507743.6673451,1761040341.2521154,https://speaker-recognition-audio.oss-cn-shanghai-internal.aliyuncs.com/datasets/daily/cscrm/1761040341.2521154.wav,"['1754363601.8372960', '1756277129.23841234', '1761040341.2521154', '1755770876.20157225', '1762507743.6673451', '1759392046.15815667', '1757578249.2854574', '1759043477.12756498', '1758073735.3871753', '1760578978.1394891', '1754623767.10689011', '1755249869.15916604', '1755494229.17555157', '1753692162.3967538']"
1762508446.6690204,1749705411.35491630,https://speaker-recognition-audio.oss-cn-shanghai-internal.aliyuncs.com/datasets/daily/cscrm/1749705411.35491630.wav,"['1751707430.2350444', '1753091514.12851381', '1749705411.35491630', '1756287987.24036857', '1751512446.809109', '1750734814.6217542', '1751531452.1083584', '1745305355.9115568', '1752917635.11598631', '1756193119.23203184', '1747883900.24104722', '1750411280.4210085', '1756359085.338644', '1752816097.10705469', '1757490215.2078502', '1751509587.750781', '1744009198.1775232', '1752730005.9972659', '1757056833.5346801', '1754814014.12201335']"
1762507578.6669866,1752560342.8614783,https://speaker-recognition-audio.oss-cn-shanghai-internal.aliyuncs.com/datasets/daily/cscrm/1752560342.8614783.wav,"['1752560342.8614783', '1760667770.2455565', '1757405710.1349376', '1761816604.10510075', '1761556652.7659081', '1747390142.21062483', '1757573843.2765437', '1748398326.27234615', '1761037053.2441597', '1755919051.21150489', '1762507578.6669866', '1747299771.20431273', '1756346630.113692', '1736493717.40781091', '1761791934.9994894', '1750649263.5595407', '1750843290.7144724', '1759225986.14616442', '1761647830.8722526', '1756344480.63702']"
1762507320.6663939,1757496745.2212168,https://speaker-recognition-audio.oss-cn-shanghai-internal.aliyuncs.com/datasets/daily/cscrm/1757496745.2212168.wav,"['1760077868.21709219', '1760858876.406659', '1762507320.6663939', '1761034905.2388224', '1757496745.2212168', '1760865374.524083', '1761374995.5910524', '1760010746.21159207', '1759976791.20395111', '1758504801.7518376', '1760941517.1176814', '1756105611.22507334', '1756280861.23912834']"
1762506856.6653292,1761901586.585531,https://speaker-recognition-audio.oss-cn-shanghai-internal.aliyuncs.com/datasets/daily/cscrm/1761901586.585531.wav,"['1761901586.585531', '1762506856.6653292', '1761724108.9448147', '1756194918.23239307', '1758705761.9704949', '1761724309.9453183']"
1762505768.6626605,1761561977.7768119,https://speaker-recognition-audio.oss-cn-shanghai-internal.aliyuncs.com/datasets/daily/cscrm/1761561977.7768119.wav,"['1759806378.18887869', '1759142549.13857973', '1751709430.2375880', '1752834930.11028063', '1761561977.7768119', '1762505768.6626605', '1751007540.8166189', '1753788231.4746973', '1759392816.15828849', '1751079046.8575598', '1753843180.4895384', '1761631629.8317662', '1750764829.6626994', '1751016042.8308110', '1758683796.9296902', '1761623458.8177475', '1750757369.6539122', '1761471607.6803460']"
1762505339.6616473,1750930975.7736970,https://speaker-recognition-audio.oss-cn-shanghai-internal.aliyuncs.com/datasets/daily/cscrm/1750930975.7736970.wav,"['1750930975.7736970', '1757406330.1362212', '1753953756.5779810', '1750407385.4141899', '1751694035.2167257', '1749621997.34863927', '1751276571.9938248', '1762505339.6616473', '1750151181.2253938', '1751953087.3937799', '1753076750.12563414', '1756194741.23235815', '1750931201.7739855', '1752039378.4641977', '1750832711.6977604', '1750666854.5855153', '1753255642.730282', '1750923034.7617811', '1754041008.6344483', '1751530850.1072170']"
1762504436.6594493,1761889178.341238,https://speaker-recognition-audio.oss-cn-shanghai-internal.aliyuncs.com/datasets/daily/cscrm/1761889178.341238.wav,"['1761030989.2267491', '1760671128.2555261', '1760945043.1272365', '1761720364.9350818', '1761808269.10317972', '1761037398.2450391', '1761814601.10468653', '1761631383.8312462', '1761889178.341238', '1761965939.927391', '1761355853.5558008', '1761906278.667393', '1761796351.10096780', '1761099134.2825791', '1761963032.861921', '1761791480.9982269', '1761104908.2993393', '1762504436.6594493', '1761723902.9442643', '1761893156.415131']"
1762503590.6573883,1762503590.6573883,https://speaker-recognition-audio.oss-cn-shanghai-internal.aliyuncs.com/datasets/daily/cscrm/1762503590.6573883.wav,"['1762503590.6573883', '1744174086.2710397', '1758885736.11482168', '1737603612.46723023']"
1762503092.6560864,1762151878.2655288,https://speaker-recognition-audio.oss-cn-shanghai-internal.aliyuncs.com/datasets/daily/cscrm/1762151878.2655288.wav,"['1762151878.2655288', '1758620834.8944390', '1762409727.5420217', '1758269232.5915049', '1761036973.2439370', '1760259565.1513403', '1762503092.6560864', '1758617338.8877242', '1759993637.20789639']"
1762501861.6530090,1761212889.4411566,https://speaker-recognition-audio.oss-cn-shanghai-internal.aliyuncs.com/datasets/daily/cscrm/1761212889.4411566.wav,"['1761212889.4411566', '1750918222.7550031', '1755683001.19389999', '1761288313.5087245', '1757055851.5327102', '1750990875.7937449', '1748496736.27997496', '1754292756.7940479', '1750052871.1401149', '1754467572.9310837', '1740109282.57579333', '1757474468.1804532', '1762501861.6530090', '1741248396.64216831', '1750230162.2761292', '1742891522.73318727', '1757327302.750448', '1759136162.13744365', '1760424758.3118606', '1759141392.13842096']"
1762501839.6529412,1751971977.4263492,https://speaker-recognition-audio.oss-cn-shanghai-internal.aliyuncs.com/datasets/daily/cscrm/1751971977.4263492.wav,"['1751971977.4263492', '1749196720.32013331', '1743495796.76278265', '1744015251.1861142', '1740474199.59560070', '1747050730.18815017', '1762501839.6529412', '1739858594.56240032', '1742371446.70194108']"
1762500165.6484288,1760062591.21365954,https://speaker-recognition-audio.oss-cn-shanghai-internal.aliyuncs.com/datasets/daily/cscrm/1760062591.21365954.wav,"['1760062591.21365954', '1759215685.14404680', '1760421280.3039871', '1759997121.20890051', '1760665501.2384099', '1762500165.6484288', '1762419801.5666709', '1758966642.12117550']"
1762501133.6510322,1760099537.22173421,https://speaker-recognition-audio.oss-cn-shanghai-internal.aliyuncs.com/datasets/daily/cscrm/1760099537.22173421.wav,"['1761207638.4295668', '1736393941.40118236', '1740212198.58170596', '1735893185.37231223', '1760099537.22173421', '1739597731.54980668', '1740209373.58141967', '1736151214.38598530', '1760322130.1850443', '1735797819.36562227', '1740386300.59004417', '1761120270.3320943', '1738805424.50454886', '1758598321.8532148', '1762501133.6510322', '1739086561.52325134', '1738742832.50276879', '1737458211.46130745', '1737430514.45836533', '1737789998.47633028']"
1762501056.6508153,1760099537.22173421,https://speaker-recognition-audio.oss-cn-shanghai-internal.aliyuncs.com/datasets/daily/cscrm/1760099537.22173421.wav,"['1761207638.4295668', '1736393941.40118236', '1740212198.58170596', '1735893185.37231223', '1760099537.22173421', '1739597731.54980668', '1740209373.58141967', '1736151214.38598530', '1762501056.6508153', '1760322130.1850443', '1735797819.36562227', '1740386300.59004417', '1761120270.3320943', '1738805424.50454886', '1758598321.8532148', '1739086561.52325134', '1738742832.50276879', '1737458211.46130745', '1737430514.45836533', '1737789998.47633028']"
1762500016.6479761,1758876685.11333237,https://speaker-recognition-audio.oss-cn-shanghai-internal.aliyuncs.com/datasets/daily/cscrm/1758876685.11333237.wav,"['1758876685.11333237', '1751426527.187771', '1752739192.10136979', '1742194221.69044680', '1761796584.10100735', '1750927278.7683961', '1759907687.19910441', '1762500016.6479761', '1759212221.14335109', '1757040671.5087401', '1751104481.8929000', '1742351563.69933538']"
1762499432.6464392,1752038953.4636477,https://speaker-recognition-audio.oss-cn-shanghai-internal.aliyuncs.com/datasets/daily/cscrm/1752038953.4636477.wav,"['1761039732.2506460', '1752038953.4636477', '1761887543.315429', '1759140150.13823110', '1762499432.6464392', '1761124427.3424669', '1758536095.8181210', '1760618127.2266601', '1751889930.3607681', '1761015476.1914192', '1758090271.4180141', '1759373461.15523764', '1760941278.1171457', '1758788199.10442152', '1760698281.3130274', '1761528421.6985752', '1760522063.1121094', '1760685853.2857245', '1759217995.14455791', '1761450013.6475532']"
1762498060.6430852,1760062591.21365954,https://speaker-recognition-audio.oss-cn-shanghai-internal.aliyuncs.com/datasets/daily/cscrm/1760062591.21365954.wav,"['1760062591.21365954', '1759215685.14404680', '1760421280.3039871', '1762498060.6430852', '1760665501.2384099', '1759997121.20890051', '1758966642.12117550']"
1762497665.6420440,1760583808.1540482,https://speaker-recognition-audio.oss-cn-shanghai-internal.aliyuncs.com/datasets/daily/cscrm/1760583808.1540482.wav,"['1760583808.1540482', '1757923496.2546657', '1760582561.1504284', '1762497665.6420440', '1761544700.7358654', '1760177877.807473', '1758787762.10431469', '1760520585.1083836']"
1762497917.6427094,1761292038.5178781,https://speaker-recognition-audio.oss-cn-shanghai-internal.aliyuncs.com/datasets/daily/cscrm/1761292038.5178781.wav,"['1753840405.4844242', '1760424618.3115148', '1757731801.915536', '1760327471.1998249', '1754290480.7898425', '1755084065.14520133', '1761292038.5178781', '1758333315.6257664', '1758331443.6217381', '1758098172.4349622', '1757585306.2983391', '1757755607.1271632', '1756452254.1159207', '1757755791.1274064']"
1762497140.6407518,1761809079.10337933,https://speaker-recognition-audio.oss-cn-shanghai-internal.aliyuncs.com/datasets/daily/cscrm/1761809079.10337933.wav,"['1761809079.10337933', '1747809601.23629072', '1741946177.67937294', '1762497140.6407518', '1755074297.14364210', '1754285351.7813468', '1742009885.68135203', '1752631225.9052867', '1755856691.20859634', '1742377954.70285978', '1748497495.28006756', '1748246514.26400073', '1749888759.425854', '1755162676.15177187', '1752225296.6327535', '1749955554.726024', '1744266366.3278948']"
1762497255.6410179,1761039732.2506460,https://speaker-recognition-audio.oss-cn-shanghai-internal.aliyuncs.com/datasets/daily/cscrm/1761039732.2506460.wav,"['1761039732.2506460', '1752038953.4636477', '1762497255.6410179', '1761887543.315429', '1759140150.13823110', '1758536095.8181210', '1760618127.2266601', '1751889930.3607681', '1761015476.1914192', '1758090271.4180141', '1759373461.15523764', '1760941278.1171457', '1758788199.10442152', '1760698281.3130274', '1761826977.10661186', '1760522063.1121094', '1759217995.14455791', '1760685853.2857245', '1761528421.6985752', '1761450013.6475532']"
1762497194.6408917,1762497194.6408917,https://speaker-recognition-audio.oss-cn-shanghai-internal.aliyuncs.com/datasets/daily/cscrm/1762497194.6408917.wav,"['1761039732.2506460', '1762497194.6408917', '1752038953.4636477', '1761887543.315429', '1759140150.13823110', '1758536095.8181210', '1760618127.2266601', '1751889930.3607681', '1761015476.1914192', '1758090271.4180141', '1759373461.15523764', '1760941278.1171457', '1758788199.10442152', '1760698281.3130274', '1761826977.10661186', '1760522063.1121094', '1759217995.14455791', '1760685853.2857245', '1761528421.6985752', '1761450013.6475532']"
1762495854.6374164,1762495854.6374164,https://speaker-recognition-audio.oss-cn-shanghai-internal.aliyuncs.com/datasets/daily/cscrm/1762495854.6374164.wav,"['1762495854.6374164', '1760060978.21315350', '1755918568.21142360', '1755845101.20642230', '1758857356.10965674', '1755081280.14487745', '1755223394.15451045', '1750413053.4240873', '1757753208.1235393', '1756177074.22982801', '1755590344.18509001']"
1762495311.6360692,1760521955.1118582,https://speaker-recognition-audio.oss-cn-shanghai-internal.aliyuncs.com/datasets/daily/cscrm/1760521955.1118582.wav,"['1761122126.3369393', '1760317993.1737355', '1762495311.6360692', '1760521955.1118582']"
1762493681.6324720,1756106934.22534517,https://speaker-recognition-audio.oss-cn-shanghai-internal.aliyuncs.com/datasets/daily/cscrm/1756106934.22534517.wav,"['1756106934.22534517', '1755507343.17815896', '1740471935.59531849', '1754643894.11023031', '1749804212.36343672', '1739867065.56350877', '1754992453.13738782', '1738838891.50946205', '1755600433.18685752', '1736236066.39168901', '1756367744.491821', '1758272350.5980394', '1758786981.10411795', '1736324196.39789976', '1736399022.40166340', '1736330674.39883095', '1751872210.3346141', '1740040457.57299354', '1761704897.9009881', '1762493681.6324720']"
1762492408.6298337,1761887543.315429,https://speaker-recognition-audio.oss-cn-shanghai-internal.aliyuncs.com/datasets/daily/cscrm/1761887543.315429.wav,"['1761039732.2506460', '1752038953.4636477', '1761887543.315429', '1759140150.13823110', '1761124427.3424669', '1758536095.8181210', '1760618127.2266601', '1751889930.3607681', '1762492408.6298337', '1761015476.1914192', '1758090271.4180141', '1759373461.15523764', '1760941278.1171457', '1758788199.10442152', '1760698281.3130274', '1760522063.1121094', '1759217995.14455791', '1760685853.2857245', '1761528421.6985752', '1761450013.6475532']"
1762492338.6296921,1752038953.4636477,https://speaker-recognition-audio.oss-cn-shanghai-internal.aliyuncs.com/datasets/daily/cscrm/1752038953.4636477.wav,"['1761039732.2506460', '1752038953.4636477', '1761887543.315429', '1759140150.13823110', '1762492338.6296921', '1761124427.3424669', '1758536095.8181210', '1760618127.2266601', '1751889930.3607681', '1761015476.1914192', '1758090271.4180141', '1759373461.15523764', '1760941278.1171457', '1758788199.10442152', '1760698281.3130274', '1760522063.1121094', '1759217995.14455791', '1760685853.2857245', '1761528421.6985752', '1761450013.6475532']"
1762485274.6155092,1762485274.6155092,https://speaker-recognition-audio.oss-cn-shanghai-internal.aliyuncs.com/datasets/daily/cscrm/1762485274.6155092.wav,"['1762485274.6155092', '1761184159.3722624', '1761794901.10064726', '1761804942.10240165', '1761547534.7423558', '1761191725.3960466', '1761814109.10457186']"
1762485151.6151787,1761808948.10334967,https://speaker-recognition-audio.oss-cn-shanghai-internal.aliyuncs.com/datasets/daily/cscrm/1761808948.10334967.wav,"['1759212715.14344468', '1760266682.1619760', '1761808948.10334967', '1758695725.9491377', '1748511625.28208891', '1755856263.20852333', '1761564267.7799863', '1759993045.20774598', '1760858220.392600', '1759026224.12399155', '1746669916.16331298', '1741404491.64982668', '1762485151.6151787', '1744014857.1856093']"
1762482603.6080164,1761793993.10043691,https://speaker-recognition-audio.oss-cn-shanghai-internal.aliyuncs.com/datasets/daily/cscrm/1761793993.10043691.wav,"['1750314992.3367912', '1761814605.10468733', '1755229511.15588426', '1753409934.1820370', '1761793993.10043691', '1752028004.4464758', '1758274076.6015227', '1760168526.595503', '1760064857.21434684', '1751094620.8786994', '1755248829.15897288', '1758621454.8955124', '1749094934.31212494', '1749526639.34117150', '1760585329.1582789', '1762482603.6080164']"
1762483022.6092805,1751889930.3607681,https://speaker-recognition-audio.oss-cn-shanghai-internal.aliyuncs.com/datasets/daily/cscrm/1751889930.3607681.wav,"['1761039732.2506460', '1752038953.4636477', '1761887543.315429', '1759140150.13823110', '1761124427.3424669', '1758536095.8181210', '1760618127.2266601', '1751889930.3607681', '1761015476.1914192', '1758090271.4180141', '1759373461.15523764', '1760941278.1171457', '1758788199.10442152', '1760698281.3130274', '1762483022.6092805', '1760522063.1121094', '1759217995.14455791', '1760685853.2857245', '1761528421.6985752', '1761450013.6475532']"
1762481766.6054071,1758692042.9421649,https://speaker-recognition-audio.oss-cn-shanghai-internal.aliyuncs.com/datasets/daily/cscrm/1758692042.9421649.wav,"['1758692042.9421649', '1760241409.1202500', '1759828069.19282981', '1759888349.19521805', '1756433167.864805', '1758848453.10736857', '1759731055.18391371', '1759125650.13520409', '1759742249.18579041', '1759111129.13239732', '1758618639.8903340', '1758420706.6933736', '1758940542.11688233', '1760757543.3441250', '1758505949.7549265', '1758703376.9656881', '1758259444.5713643', '1758616066.8851869', '1756794228.3299125']"
1762481911.6058725,1751889930.3607681,https://speaker-recognition-audio.oss-cn-shanghai-internal.aliyuncs.com/datasets/daily/cscrm/1751889930.3607681.wav,"['1761039732.2506460', '1752038953.4636477', '1761887543.315429', '1759140150.13823110', '1761124427.3424669', '1758536095.8181210', '1760618127.2266601', '1751889930.3607681', '1761015476.1914192', '1758090271.4180141', '1759373461.15523764', '1760941278.1171457', '1758788199.10442152', '1760698281.3130274', '1761826977.10661186', '1760522063.1121094', '1759217995.14455791', '1760685853.2857245', '1761528421.6985752', '1761450013.6475532']"
1762481866.6057271,1761039732.2506460,https://speaker-recognition-audio.oss-cn-shanghai-internal.aliyuncs.com/datasets/daily/cscrm/1761039732.2506460.wav,"['1761039732.2506460', '1752038953.4636477', '1761887543.315429', '1759140150.13823110', '1758536095.8181210', '1760618127.2266601', '1751889930.3607681', '1761015476.1914192', '1758090271.4180141', '1759373461.15523764', '1760941278.1171457', '1758788199.10442152', '1760698281.3130274', '1761826977.10661186', '1762481866.6057271', '1760522063.1121094', '1759217995.14455791', '1760685853.2857245', '1761528421.6985752', '1761450013.6475532']"
1762481412.6042917,1749705411.35491630,https://speaker-recognition-audio.oss-cn-shanghai-internal.aliyuncs.com/datasets/daily/cscrm/1749705411.35491630.wav,"['1751707430.2350444', '1753091514.12851381', '1749705411.35491630', '1756287987.24036857', '1751512446.809109', '1750734814.6217542', '1751531452.1083584', '1745305355.9115568', '1752917635.11598631', '1756193119.23203184', '1747883900.24104722', '1750411280.4210085', '1756359085.338644', '1752816097.10705469', '1757490215.2078502', '1751509587.750781', '1744009198.1775232', '1752730005.9972659', '1757056833.5346801', '1754814014.12201335']"
1762480274.6011524,1761978537.1148143,https://speaker-recognition-audio.oss-cn-shanghai-internal.aliyuncs.com/datasets/daily/cscrm/1761978537.1148143.wav,"['1761978537.1148143', '1750756172.6519477', '1762480274.6011524', '1761901038.575541', '1758791644.10522091', '1758792655.10543167', '1744251935.3101743', '1756713783.2733367', '1760429979.3244465', '1751253289.9629217']"
1762479439.5987930,1737010423.43802300,https://speaker-recognition-audio.oss-cn-shanghai-internal.aliyuncs.com/datasets/daily/cscrm/1737010423.43802300.wav,"['1737010423.43802300', '1756349887.192420', '1757128056.5798207', '1749452146.33622120', '1760430179.3249273', '1745891381.12393531', '1757672154.652433', '1754545973.9985109', '1741339660.64780044', '1742296681.69783119', '1737364179.45604495', '1758694898.9475630', '1756273741.23786624', '1761028750.2205657', '1752911503.11507305', '1740032398.57189510', '1743586182.76793767', '1758695996.9497211', '1741068689.63119023', '1753432644.2199691']"
1762478875.5970744,1762313184.4274869,https://speaker-recognition-audio.oss-cn-shanghai-internal.aliyuncs.com/datasets/daily/cscrm/1762313184.4274869.wav,"['1762313184.4274869', '1761028059.2186136', '1761906544.671185', '1762478875.5970744']"
1762478957.5973111,1761812120.10411958,https://speaker-recognition-audio.oss-cn-shanghai-internal.aliyuncs.com/datasets/daily/cscrm/1761812120.10411958.wav,"['1762478957.5973111', '1761460310.6610135', '1761812120.10411958', '1761729924.9590700']"
1762477875.5944373,1761207638.4295668,https://speaker-recognition-audio.oss-cn-shanghai-internal.aliyuncs.com/datasets/daily/cscrm/1761207638.4295668.wav,"['1761207638.4295668', '1736393941.40118236', '1740212198.58170596', '1736750236.42239383', '1735893185.37231223', '1760099537.22173421', '1739597731.54980668', '1740209373.58141967', '1760758842.3470410', '1736151214.38598530', '1760322130.1850443', '1735797819.36562227', '1761120270.3320943', '1738805424.50454886', '1758598321.8532148', '1739086561.52325134', '1738742832.50276879', '1737458211.46130745', '1737430514.45836533', '1737789998.47633028']"
1762432805.5882688,1751971977.4263492,https://speaker-recognition-audio.oss-cn-shanghai-internal.aliyuncs.com/datasets/daily/cscrm/1751971977.4263492.wav,"['1751971977.4263492', '1749196720.32013331', '1762432805.5882688', '1743495796.76278265', '1744015251.1861142', '1740474199.59560070', '1747050730.18815017', '1739858594.56240032', '1742371446.70194108']"
1762430005.5854365,1761124427.3424669,https://speaker-recognition-audio.oss-cn-shanghai-internal.aliyuncs.com/datasets/daily/cscrm/1761124427.3424669.wav,"['1761039732.2506460', '1752038953.4636477', '1761887543.315429', '1759140150.13823110', '1761124427.3424669', '1758536095.8181210', '1760618127.2266601', '1751889930.3607681', '1761015476.1914192', '1758090271.4180141', '1759373461.15523764', '1760941278.1171457', '1758788199.10442152', '1760698281.3130274', '1762430005.5854365', '1760522063.1121094', '1759217995.14455791', '1760685853.2857245', '1761528421.6985752', '1761450013.6475532']"
1762427636.5823102,1762081857.2128466,https://speaker-recognition-audio.oss-cn-shanghai-internal.aliyuncs.com/datasets/daily/cscrm/1762081857.2128466.wav,"['1762081857.2128466', '1762427636.5823102', '1761910715.721672', '1762073524.2025820']"
1762425069.5784357,1762425069.5784357,https://speaker-recognition-audio.oss-cn-shanghai-internal.aliyuncs.com/datasets/daily/cscrm/1762425069.5784357.wav,"['1762425069.5784357', '1760770699.3659742', '1757403340.1299628', '1760758691.3467510', '1746518413.15562399', '1760091250.22054870']"
1762425589.5794175,1761809365.10344755,https://speaker-recognition-audio.oss-cn-shanghai-internal.aliyuncs.com/datasets/daily/cscrm/1761809365.10344755.wav,"['1761809365.10344755', '1755507343.17815896', '1740471935.59531849', '1754643894.11023031', '1749804212.36343672', '1739867065.56350877', '1754992453.13738782', '1762425589.5794175', '1738838891.50946205', '1755600433.18685752', '1736236066.39168901', '1756367744.491821', '1758272350.5980394', '1758786981.10411795', '1736324196.39789976', '1736399022.40166340', '1736330674.39883095', '1751872210.3346141', '1740040457.57299354', '1761704897.9009881']"
1762424542.5773151,1742542531.71379345,https://speaker-recognition-audio.oss-cn-shanghai-internal.aliyuncs.com/datasets/daily/cscrm/1742542531.71379345.wav,"['1742542531.71379345', '1757762883.1354565', '1760612213.2198139', '1757328070.758985', '1752301751.6776575', '1736238033.39201588', '1753871973.5291764', '1760946978.1328693', '1747896716.24268245', '1749459259.33746844', '1748240194.26297182', '1746603699.16062883', '1762424542.5773151']"
1762421423.5704784,1756272588.23771683,https://speaker-recognition-audio.oss-cn-shanghai-internal.aliyuncs.com/datasets/daily/cscrm/1756272588.23771683.wav,"['1752131669.5426132', '1752221857.6266475', '1756949743.4268922', '1760333400.2087433', '1757575793.2804738', '1761277457.4878488', '1756272588.23771683', '1752803853.10487790', '1754019065.6050067', '1753147325.13007300', '1755135469.14652528', '1754011211.5919183', '1754982775.13552194', '1754298343.8041876', '1752202898.5945393', '1755223833.15462171', '1753083117.12686184', '1756461327.1312320', '1756282404.23942970', '1761371191.5838437']"
1762419978.5671434,1759205248.14237532,https://speaker-recognition-audio.oss-cn-shanghai-internal.aliyuncs.com/datasets/daily/cscrm/1759205248.14237532.wav,"['1755658008.18933862', '1755656424.18891681', '1761374843.5907417', '1760418649.2991585', '1761209240.4331627', '1759979278.20470420', '1759205248.14237532', '1761817301.10524730', '1762419978.5671434', '1759224679.14594094', '1761793574.10033630', '1749613249.34757073', '1748573685.28406120', '1760164187.486760']"
1762419801.5666709,1760062591.21365954,https://speaker-recognition-audio.oss-cn-shanghai-internal.aliyuncs.com/datasets/daily/cscrm/1760062591.21365954.wav,"['1760062591.21365954', '1759215685.14404680', '1760421280.3039871', '1760665501.2384099', '1759997121.20890051', '1762419801.5666709', '1758966642.12117550']"
1762419854.5668125,1760583808.1540482,https://speaker-recognition-audio.oss-cn-shanghai-internal.aliyuncs.com/datasets/daily/cscrm/1760583808.1540482.wav,"['1760583808.1540482', '1757923496.2546657', '1760582561.1504284', '1761544700.7358654', '1760177877.807473', '1758787762.10431469', '1760520585.1083836', '1762419854.5668125']"
1762419653.5662802,1762419653.5662802,https://speaker-recognition-audio.oss-cn-shanghai-internal.aliyuncs.com/datasets/daily/cscrm/1762419653.5662802.wav,"['1751265619.9775905', '1758612724.8776565', '1762419653.5662802', '1745928463.12841636', '1753771550.4510810', '1752734037.10038167', '1737868259.47904598', '1755422865.17122592', '1751955441.3974875', '1755600960.18692039', '1755077770.14432388', '1751764762.2489304']"
1762419514.5659324,1758089269.4158962,https://speaker-recognition-audio.oss-cn-shanghai-internal.aliyuncs.com/datasets/daily/cscrm/1758089269.4158962.wav,"['1758089269.4158962', '1761615415.7954081', '1761210820.4368082', '1762241027.3634575', '1754384998.8708767', '1762419514.5659324', '1758076641.3944923']"
1762419446.5657934,1750749083.6401627,https://speaker-recognition-audio.oss-cn-shanghai-internal.aliyuncs.com/datasets/daily/cscrm/1750749083.6401627.wav,"['1744706644.5855705', '1761705311.9022521', '1745896282.12484579', '1750749083.6401627', '1752309301.6884119', '1753777803.4620398', '1758184988.5154760', '1750666266.5843695', '1749198914.32050101', '1745746813.11681699', '1744946021.7193060']"
1762418493.5635773,1743563759.76528805,https://speaker-recognition-audio.oss-cn-shanghai-internal.aliyuncs.com/datasets/daily/cscrm/1743563759.76528805.wav,"['1743563759.76528805', '1737706491.47283475', '1737525594.46369344', '1762418493.5635773', '1740384344.58976001']"
1762418535.5636826,1758004773.3350063,https://speaker-recognition-audio.oss-cn-shanghai-internal.aliyuncs.com/datasets/daily/cscrm/1758004773.3350063.wav,"['1739410934.53964970', '1740734183.61190590', '1760926313.817880', '1751867917.3274084', '1758004773.3350063', '1740289794.58445386', '1739936526.56623065', '1754897004.12821933', '1759995423.20839577', '1761874734.72388', '1746324039.14481010', '1755937673.21392488', '1759023954.12330853', '1761532702.7109155', '1759227932.14644374']"
1762418097.5626137,1753091514.12851381,https://speaker-recognition-audio.oss-cn-shanghai-internal.aliyuncs.com/datasets/daily/cscrm/1753091514.12851381.wav,"['1751707430.2350444', '1753091514.12851381', '1749705411.35491630', '1756287987.24036857', '1751512446.809109', '1750734814.6217542', '1751531452.1083584', '1745305355.9115568', '1752917635.11598631', '1756193119.23203184', '1747883900.24104722', '1750411280.4210085', '1756359085.338644', '1752816097.10705469', '1757490215.2078502', '1751509587.750781', '1744009198.1775232', '1752730005.9972659', '1757056833.5346801', '1754814014.12201335']"
1762415742.5566612,1753091514.12851381,https://speaker-recognition-audio.oss-cn-shanghai-internal.aliyuncs.com/datasets/daily/cscrm/1753091514.12851381.wav,"['1751707430.2350444', '1753091514.12851381', '1749705411.35491630', '1756287987.24036857', '1751512446.809109', '1750734814.6217542', '1751531452.1083584', '1745305355.9115568', '1752917635.11598631', '1756193119.23203184', '1747883900.24104722', '1750411280.4210085', '1756359085.338644', '1752816097.10705469', '1757490215.2078502', '1751509587.750781', '1744009198.1775232', '1752730005.9972659', '1757056833.5346801', '1754814014.12201335']"
1762415697.5565426,1752667863.9628376,https://speaker-recognition-audio.oss-cn-shanghai-internal.aliyuncs.com/datasets/daily/cscrm/1752667863.9628376.wav,"['1752667863.9628376', '1753514870.2712646', '1757679912.738874', '1755247401.15869789', '1752808697.10600614', '1752566571.8727294', '1758863784.11054577', '1749965768.843713', '1747626840.22236937', '1752655845.9474058', '1761290790.5146318', '1754387969.8758070', '1751091938.8750538', '1754470492.9363217', '1755767518.20096417', '1749291784.32667685', '1752028426.4474331', '1761805280.10247644', '1755256356.16005224', '1756366401.465599']"
1762415596.5563021,1761547232.7416753,https://speaker-recognition-audio.oss-cn-shanghai-internal.aliyuncs.com/datasets/daily/cscrm/1761547232.7416753.wav,"['1760691995.3004865', '1761547232.7416753', '1762415596.5563021', '1761805257.10247052']"
1762415692.5565261,1761207638.4295668,https://speaker-recognition-audio.oss-cn-shanghai-internal.aliyuncs.com/datasets/daily/cscrm/1761207638.4295668.wav,"['1761207638.4295668', '1736393941.40118236', '1740212198.58170596', '1736750236.42239383', '1735893185.37231223', '1760099537.22173421', '1739597731.54980668', '1740209373.58141967', '1760758842.3470410', '1736151214.38598530', '1760322130.1850443', '1735797819.36562227', '1761120270.3320943', '1738805424.50454886', '1758598321.8532148', '1739086561.52325134', '1738742832.50276879', '1737458211.46130745', '1737430514.45836533', '1737789998.47633028']"
1762414919.5546498,1761552265.7547919,https://speaker-recognition-audio.oss-cn-shanghai-internal.aliyuncs.com/datasets/daily/cscrm/1761552265.7547919.wav,"['1761120614.3329787', '1760522740.1137220', '1759888280.19520034', '1760583037.1518519', '1759989797.20693656', '1761552265.7547919', '1762414919.5546498', '1762245570.3748693']"
1762414808.5543864,1750404138.4079993,https://speaker-recognition-audio.oss-cn-shanghai-internal.aliyuncs.com/datasets/daily/cscrm/1750404138.4079993.wav,"['1736240571.39234503', '1750404138.4079993', '1745895733.12474960', '1762414808.5543864']"
1762414698.5540966,1761040341.2521154,https://speaker-recognition-audio.oss-cn-shanghai-internal.aliyuncs.com/datasets/daily/cscrm/1761040341.2521154.wav,"['1754363601.8372960', '1756277129.23841234', '1761040341.2521154', '1755770876.20157225', '1759392046.15815667', '1755595801.18615134', '1757578249.2854574', '1759043477.12756498', '1758073735.3871753', '1760578978.1394891', '1754623767.10689011', '1755249869.15916604', '1762414698.5540966', '1755494229.17555157', '1753692162.3967538']"
1762414368.5532465,1737010423.43802300,https://speaker-recognition-audio.oss-cn-shanghai-internal.aliyuncs.com/datasets/daily/cscrm/1737010423.43802300.wav,"['1737010423.43802300', '1756349887.192420', '1757128056.5798207', '1749452146.33622120', '1760430179.3249273', '1745891381.12393531', '1757672154.652433', '1754545973.9985109', '1741339660.64780044', '1742296681.69783119', '1737364179.45604495', '1758694898.9475630', '1756273741.23786624', '1761028750.2205657', '1752911503.11507305', '1740032398.57189510', '1743586182.76793767', '1758695996.9497211', '1741068689.63119023', '1753432644.2199691']"
1762412833.5493169,1741682289.66415774,https://speaker-recognition-audio.oss-cn-shanghai-internal.aliyuncs.com/datasets/daily/cscrm/1741682289.66415774.wav,"['1746512568.15479375', '1741682289.66415774', '1746499149.15314513', '1762412833.5493169', '1736331280.39889539', '1751447898.496385']"
1762412897.5494749,1761039732.2506460,https://speaker-recognition-audio.oss-cn-shanghai-internal.aliyuncs.com/datasets/daily/cscrm/1761039732.2506460.wav,"['1761039732.2506460', '1752038953.4636477', '1761887543.315429', '1759140150.13823110', '1758536095.8181210', '1760618127.2266601', '1751889930.3607681', '1761015476.1914192', '1762412897.5494749', '1758090271.4180141', '1759373461.15523764', '1760941278.1171457', '1758788199.10442152', '1760698281.3130274', '1761826977.10661186', '1760522063.1121094', '1759217995.14455791', '1760685853.2857245', '1761528421.6985752', '1761450013.6475532']"
1762412022.5473169,1758865840.11090096,https://speaker-recognition-audio.oss-cn-shanghai-internal.aliyuncs.com/datasets/daily/cscrm/1758865840.11090096.wav,"['1750236320.2866600', '1760085071.21904591', '1750483553.4580013', '1743159621.74853852', '1756172613.22884733', '1760942271.1196890', '1758865840.11090096', '1749031638.30943794', '1755675200.19230557', '1759991019.20724139', '1761129471.3518687', '1754299155.8056322', '1758791733.10524231', '1753684394.3818438', '1750934264.7773881', '1762412022.5473169', '1745922538.12811878', '1755661100.19003369', '1753669966.3590486', '1759210072.14296519']"
1762412095.5475042,1756454918.1207262,https://speaker-recognition-audio.oss-cn-shanghai-internal.aliyuncs.com/datasets/daily/cscrm/1756454918.1207262.wav,"['1758350957.6532692', '1757385478.985072', '1756114360.22683958', '1758612509.8771178', '1758091302.4200015', '1756454918.1207262', '1756087657.22204779', '1756890597.4094781', '1758593286.8408759', '1758963879.12072731', '1758425128.7025397', '1759128429.13579559', '1756372094.579808', '1756272941.23775944', '1758431352.7095543', '1756282809.23950477', '1758276798.6061136', '1756365229.441748', '1757488645.2040854', '1761111246.3097203']"
1762411592.5463271,1759974310.20318057,https://speaker-recognition-audio.oss-cn-shanghai-internal.aliyuncs.com/datasets/daily/cscrm/1759974310.20318057.wav,"['1759974310.20318057', '1749721015.35745878', '1744685216.5582722', '1756368432.505769', '1757474579.1807083', '1758684948.9323479', '1758512111.7709873', '1760081613.21809958', '1757666389.553173', '1759820252.19120953', '1747645363.22514653', '1746429465.15044170', '1749783927.36037335', '1751878468.3465788', '1762411592.5463271', '1753515925.2730649', '1758014415.3588621', '1750145248.2150591', '1755585128.18402349', '1760434243.63352']"
1762411166.5452720,1752647436.9311980,https://speaker-recognition-audio.oss-cn-shanghai-internal.aliyuncs.com/datasets/daily/cscrm/1752647436.9311980.wav,"['1747363031.20679321', '1760345617.2374192', '1741244547.64161896', '1752647436.9311980', '1752477701.7970980', '1756715532.2766284', '1760164039.482924', '1760429853.3241164', '1760346047.2385027', '1760611428.2184388', '1747982382.24852692', '1757667362.571411', '1758179042.5016702', '1761297669.5306425', '1761545431.7375069', '1760149373.166869', '1758523138.7897966', '1760495211.445553', '1761012089.1806182', '1761729604.9583126']"
1762411481.5460692,1761207638.4295668,https://speaker-recognition-audio.oss-cn-shanghai-internal.aliyuncs.com/datasets/daily/cscrm/1761207638.4295668.wav,"['1761207638.4295668', '1736393941.40118236', '1740212198.58170596', '1736750236.42239383', '1735893185.37231223', '1760099537.22173421', '1739597731.54980668', '1740209373.58141967', '1760758842.3470410', '1736151214.38598530', '1760322130.1850443', '1735797819.36562227', '1761120270.3320943', '1738805424.50454886', '1758598321.8532148', '1739086561.52325134', '1738742832.50276879', '1737458211.46130745', '1737430514.45836533', '1737789998.47633028']"
1762411190.5453418,1758536095.8181210,https://speaker-recognition-audio.oss-cn-shanghai-internal.aliyuncs.com/datasets/daily/cscrm/1758536095.8181210.wav,"['1761039732.2506460', '1762411190.5453418', '1752038953.4636477', '1761887543.315429', '1759140150.13823110', '1758536095.8181210', '1760618127.2266601', '1751889930.3607681', '1761015476.1914192', '1758090271.4180141', '1759373461.15523764', '1760941278.1171457', '1758788199.10442152', '1760698281.3130274', '1761826977.10661186', '1760522063.1121094', '1759217995.14455791', '1760685853.2857245', '1761528421.6985752', '1761450013.6475532']"
1762411142.5452204,1751889930.3607681,https://speaker-recognition-audio.oss-cn-shanghai-internal.aliyuncs.com/datasets/daily/cscrm/1751889930.3607681.wav,"['1761039732.2506460', '1752038953.4636477', '1761887543.315429', '1762411142.5452204', '1759140150.13823110', '1758536095.8181210', '1760618127.2266601', '1751889930.3607681', '1761015476.1914192', '1758090271.4180141', '1759373461.15523764', '1760941278.1171457', '1758788199.10442152', '1760698281.3130274', '1761826977.10661186', '1760522063.1121094', '1759217995.14455791', '1760685853.2857245', '1761528421.6985752', '1761450013.6475532']"
1762409727.5420217,1758620834.8944390,https://speaker-recognition-audio.oss-cn-shanghai-internal.aliyuncs.com/datasets/daily/cscrm/1758620834.8944390.wav,"['1758620834.8944390', '1762409727.5420217', '1758269232.5915049', '1761036973.2439370', '1760259565.1513403', '1758617338.8877242', '1759993637.20789639']"
1762408018.5383535,1757746311.1118868,https://speaker-recognition-audio.oss-cn-shanghai-internal.aliyuncs.com/datasets/daily/cscrm/1757746311.1118868.wav,"['1757144625.6046075', '1757746311.1118868', '1762408018.5383535', '1757919838.2463317', '1760513014.884737']"
1762407447.5372366,1751507459.705028,https://speaker-recognition-audio.oss-cn-shanghai-internal.aliyuncs.com/datasets/daily/cscrm/1751507459.705028.wav,"['1751507459.705028', '1761912042.734946', '1750495986.4755297', '1761961399.827763', '1760322083.1848897', '1752546728.8398342', '1761186792.3811740', '1761462051.6639907']"
1762406994.5363751,1751507459.705028,https://speaker-recognition-audio.oss-cn-shanghai-internal.aliyuncs.com/datasets/daily/cscrm/1751507459.705028.wav,"['1751507459.705028', '1761912042.734946', '1750495986.4755297', '1761961399.827763', '1760322083.1848897', '1752546728.8398342', '1761186792.3811740', '1761462051.6639907']"
1762407075.5365261,1761547232.7416753,https://speaker-recognition-audio.oss-cn-shanghai-internal.aliyuncs.com/datasets/daily/cscrm/1761547232.7416753.wav,"['1761547232.7416753', '1762407075.5365261', '1762245162.3738695', '1761358444.5617914', '1761542967.7323434']"
1762406834.5360797,1761207638.4295668,https://speaker-recognition-audio.oss-cn-shanghai-internal.aliyuncs.com/datasets/daily/cscrm/1761207638.4295668.wav,"['1761207638.4295668', '1736393941.40118236', '1740212198.58170596', '1736750236.42239383', '1735893185.37231223', '1760099537.22173421', '1739597731.54980668', '1740209373.58141967', '1760758842.3470410', '1736151214.38598530', '1760322130.1850443', '1735797819.36562227', '1761120270.3320943', '1738805424.50454886', '1758598321.8532148', '1739086561.52325134', '1738742832.50276879', '1737458211.46130745', '1737430514.45836533', '1737789998.47633028']"
1762402040.5282217,1760345758.2377235,https://speaker-recognition-audio.oss-cn-shanghai-internal.aliyuncs.com/datasets/daily/cscrm/1760345758.2377235.wav,"['1760527160.1216004', '1741858305.67429487', '1760237651.1120440', '1760779666.3843404', '1760085636.21919509', '1760784593.3912986', '1743046571.74073963', '1760345758.2377235', '1743504221.76368342', '1749778929.35931746', '1749176897.31724255', '1760082903.21847486', '1741757234.66762487', '1744967606.7445468', '1760847113.230055', '1760510565.819905', '1742894566.73358542', '1761994537.1464685', '1749887391.408103']"
1762400984.5260756,1741677070.66341877,https://speaker-recognition-audio.oss-cn-shanghai-internal.aliyuncs.com/datasets/daily/cscrm/1741677070.66341877.wav,"['1742528387.71196616', '1738739444.50234260', '1746587456.15863437', '1749283763.32575056', '1739437362.54284192', '1760693731.3046301', '1752571549.8815138', '1757673344.668682', '1759046597.12831100', '1744856845.6647278', '1743068936.74333954', '1758789105.10464151', '1750410020.4187204', '1760925608.795753', '1739432946.54230266', '1757584082.2962754', '1753694158.4005478', '1761300886.5372225', '1741677070.66341877']"
1762400618.5251566,1761818591.10552728,https://speaker-recognition-audio.oss-cn-shanghai-internal.aliyuncs.com/datasets/daily/cscrm/1761818591.10552728.wav,"['1746581907.15770471', '1761818591.10552728', '1742354886.69985588', '1757060783.5427743', '1761893250.417072', '1757900084.2080552', '1758872911.11248066', '1758178051.4997773', '1761371312.5840581', '1758782064.10299424', '1757575074.2789356', '1757568607.2669678', '1736152093.38611638', '1761037183.2445504', '1761965109.908759', '1740650810.60634699', '1743840105.1022900', '1742787615.72612405', '1743842799.1046425']"
1762400213.5241205,1762400213.5241205,https://speaker-recognition-audio.oss-cn-shanghai-internal.aliyuncs.com/datasets/daily/cscrm/1762400213.5241205.wav,"['1762400213.5241205', '1760428154.3200346', '1757932576.2737345', '1762240123.3612499']"
1762399945.5235061,1744694886.5697244,https://speaker-recognition-audio.oss-cn-shanghai-internal.aliyuncs.com/datasets/daily/cscrm/1744694886.5697244.wav,"['1744694886.5697244', '1754018054.6034282', '1745226404.8713071', '1761615139.7945926', '1741573618.65661751', '1752042071.4683665', '1748239552.26287622', '1753940438.5586922']"
1762398716.5201842,1760431040.3266879,https://speaker-recognition-audio.oss-cn-shanghai-internal.aliyuncs.com/datasets/daily/cscrm/1760431040.3266879.wav,"['1760431040.3266879', '1758179924.5035549', '1755240618.15738797', '1758705288.9695538', '1756198479.23308800', '1756087045.22190890', '1758783126.10323613', '1755249195.15903811', '1758621173.8950526']"
1762398653.5200210,1761552265.7547919,https://speaker-recognition-audio.oss-cn-shanghai-internal.aliyuncs.com/datasets/daily/cscrm/1761552265.7547919.wav,"['1761120614.3329787', '1760522740.1137220', '1759888280.19520034', '1760583037.1518519', '1759989797.20693656', '1761552265.7547919']"
1762398907.5207194,1761207638.4295668,https://speaker-recognition-audio.oss-cn-shanghai-internal.aliyuncs.com/datasets/daily/cscrm/1761207638.4295668.wav,"['1761207638.4295668', '1736393941.40118236', '1740212198.58170596', '1735893185.37231223', '1760099537.22173421', '1739597731.54980668', '1740209373.58141967', '1736151214.38598530', '1760322130.1850443', '1735797819.36562227', '1740386300.59004417', '1761120270.3320943', '1738805424.50454886', '1758598321.8532148', '1739086561.52325134', '1738742832.50276879', '1737458211.46130745', '1737430514.45836533', '1737789998.47633028']"
1762398596.5198800,1760949243.1390463,https://speaker-recognition-audio.oss-cn-shanghai-internal.aliyuncs.com/datasets/daily/cscrm/1760949243.1390463.wav,"['1761796760.10103509', '1760949243.1390463', '1761014533.1882522', '1761205698.4245548']"
1762398251.5189484,1761545846.7385034,https://speaker-recognition-audio.oss-cn-shanghai-internal.aliyuncs.com/datasets/daily/cscrm/1761545846.7385034.wav,"['1761545846.7385034', '1760336168.2144115', '1760152259.251907', '1761641637.8581529', '1760511018.831433', '1761210356.4356799', '1761034111.2363171', '1760409854.2811270']"
1762397477.5167206,1739697620.55483841,https://speaker-recognition-audio.oss-cn-shanghai-internal.aliyuncs.com/datasets/daily/cscrm/1739697620.55483841.wav,"['1745543270.10383608', '1747110841.19063580', '1739697620.55483841', '1761291474.5163098', '1740639377.60475975', '1741249674.64234071', '1745719443.11341115', '1741743328.66589642', '1745560410.10605139', '1741858478.67431532', '1761795632.10081150', '1761619379.8069578', '1736847468.42834151', '1737883192.48038592', '1758518696.7809782', '1741672460.66285400', '1741173372.63833669', '1739696539.55472880', '1739416955.54060037', '1740452531.59275347']"
1762397213.5159464,1750837262.7049542,https://speaker-recognition-audio.oss-cn-shanghai-internal.aliyuncs.com/datasets/daily/cscrm/1750837262.7049542.wav,"['1748856257.29805536', '1757901166.2107146', '1750837262.7049542', '1744711168.5916052', '1743065564.74292285', '1761271950.4720899', '1757060829.5428716']"
1762395830.5120393,1762395830.5120393,https://speaker-recognition-audio.oss-cn-shanghai-internal.aliyuncs.com/datasets/daily/cscrm/1762395830.5120393.wav,"['1761039732.2506460', '1752038953.4636477', '1761887543.315429', '1762395830.5120393', '1759140150.13823110', '1758536095.8181210', '1760618127.2266601', '1751889930.3607681', '1761015476.1914192', '1758090271.4180141', '1759373461.15523764', '1760941278.1171457', '1758788199.10442152', '1760698281.3130274', '1761826977.10661186', '1760522063.1121094', '1759217995.14455791', '1760685853.2857245', '1761528421.6985752', '1761450013.6475532']"
1762394029.5068430,1760530813.1263508,https://speaker-recognition-audio.oss-cn-shanghai-internal.aliyuncs.com/datasets/daily/cscrm/1760530813.1263508.wav,"['1762394029.5068430', '1759196697.14031571', '1751017815.8333086', '1760530813.1263508', '1754542068.9929623', '1751512611.812525', '1752218249.6195243', '1753957172.5822884', '1761999665.1510469', '1753580486.2978467']"
1762394274.5075052,1761210022.4349517,https://speaker-recognition-audio.oss-cn-shanghai-internal.aliyuncs.com/datasets/daily/cscrm/1761210022.4349517.wav,"['1761210022.4349517', '1755228181.15561654', '1760773944.3731700', '1752648214.9327331', '1756454326.1196691', '1762394274.5075052']"
1762391759.5011557,1745543270.10383608,https://speaker-recognition-audio.oss-cn-shanghai-internal.aliyuncs.com/datasets/daily/cscrm/1745543270.10383608.wav,"['1745543270.10383608', '1747110841.19063580', '1739697620.55483841', '1761291474.5163098', '1757933372.2750816', '1740639377.60475975', '1741249674.64234071', '1745719443.11341115', '1741743328.66589642', '1741858478.67431532', '1761795632.10081150', '1761619379.8069578', '1736847468.42834151', '1737883192.48038592', '1758518696.7809782', '1741672460.66285400', '1741173372.63833669', '1739696539.55472880', '1739416955.54060037', '1740452531.59275347']"
1762344804.4935344,1760755395.3392515,https://speaker-recognition-audio.oss-cn-shanghai-internal.aliyuncs.com/datasets/daily/cscrm/1760755395.3392515.wav,"['1759906798.19890929', '1761986043.1321614', '1760755395.3392515', '1761906484.670373', '1761558378.7698476', '1761553522.7579412', '1760596876.1806003', '1761741127.9779208', '1760950283.1418742', '1759919526.20140045']"
1762343630.4921703,1761888439.329368,https://speaker-recognition-audio.oss-cn-shanghai-internal.aliyuncs.com/datasets/daily/cscrm/1761888439.329368.wav,"['1761383237.6069890', '1754049034.6425144', '1755755782.19865278', '1745147623.8277610', '1757491023.2096536', '1753340533.1399228', '1755333176.16500893', '1747721771.22964211', '1750301702.3185760', '1745039725.7716872', '1761888439.329368', '1758269617.5924077', '1757154048.6184797', '1750401335.4033734', '1752146299.5667016', '1756092847.22321801', '1745830879.12197842', '1761726603.9512866', '1754385869.8724349']"
1762342222.4902789,1753247869.606738,https://speaker-recognition-audio.oss-cn-shanghai-internal.aliyuncs.com/datasets/daily/cscrm/1753247869.606738.wav,"['1753247869.606738', '1762342222.4902789', '1753161541.13252563', '1757569331.2681145', '1761559576.7726296', '1752132255.5437579', '1751189298.9398839']"
1762341432.4888714,1752038953.4636477,https://speaker-recognition-audio.oss-cn-shanghai-internal.aliyuncs.com/datasets/daily/cscrm/1752038953.4636477.wav,"['1761039732.2506460', '1752038953.4636477', '1761887543.315429', '1759140150.13823110', '1758536095.8181210', '1760618127.2266601', '1751889930.3607681', '1761015476.1914192', '1758090271.4180141', '1759373461.15523764', '1760941278.1171457', '1758788199.10442152', '1760698281.3130274', '1762341432.4888714', '1761826977.10661186', '1760522063.1121094', '1759217995.14455791', '1760685853.2857245', '1761528421.6985752', '1761450013.6475532']"
1762341356.4887457,1761015476.1914192,https://speaker-recognition-audio.oss-cn-shanghai-internal.aliyuncs.com/datasets/daily/cscrm/1761015476.1914192.wav,"['1761039732.2506460', '1752038953.4636477', '1761887543.315429', '1759140150.13823110', '1758536095.8181210', '1760618127.2266601', '1751889930.3607681', '1761015476.1914192', '1758090271.4180141', '1759373461.15523764', '1760941278.1171457', '1758788199.10442152', '1760698281.3130274', '1761826977.10661186', '1760522063.1121094', '1759217995.14455791', '1760685853.2857245', '1761528421.6985752', '1762341356.4887457', '1761450013.6475532']"
1762341049.4881626,1760755395.3392515,https://speaker-recognition-audio.oss-cn-shanghai-internal.aliyuncs.com/datasets/daily/cscrm/1760755395.3392515.wav,"['1759906798.19890929', '1761986043.1321614', '1760755395.3392515', '1761906484.670373', '1761558378.7698476', '1761553522.7579412', '1760596876.1806003', '1761741127.9779208', '1760950283.1418742', '1759919526.20140045', '1762341049.4881626']"
1762340027.4864774,1752310363.6898653,https://speaker-recognition-audio.oss-cn-shanghai-internal.aliyuncs.com/datasets/daily/cscrm/1752310363.6898653.wav,"['1747882211.24072763', '1745569960.10742012', '1752310363.6898653', '1749779203.35937252', '1755065403.14198472', '1751678587.1956469', '1747619343.22090140', '1746757407.16925681', '1751356446.10417301', '1744770714.6132586', '1754211440.7395638', '1749609022.34675598', '1752838145.11067254', '1747384581.20981594', '1744773540.6188326', '1743404430.75796323', '1745569512.10735672', '1747291976.20311718', '1740825062.61731910', '1744081349.2112934']"
1762338914.4845796,1757497517.2225804,https://speaker-recognition-audio.oss-cn-shanghai-internal.aliyuncs.com/datasets/daily/cscrm/1757497517.2225804.wav,"['1741341261.64799326', '1758776594.10193804', '1750232412.2802008', '1754294792.7978536', '1753080589.12634616', '1758269457.5920092', '1752636504.9165040', '1755483545.17362391', '1758426352.7048632', '1754116452.6744281', '1757905713.2225925', '1757497517.2225804', '1753932537.5507960', '1757928634.2658156', '1756287210.24024996', '1746866448.17725322', '1748921702.30061347', '1754384556.8701136', '1752816463.10709971', '1754996651.13793145']"
1762338567.4839902,1761444934.6361225,https://speaker-recognition-audio.oss-cn-shanghai-internal.aliyuncs.com/datasets/daily/cscrm/1761444934.6361225.wav,"['1761719659.9334210', '1761444934.6361225', '1762079043.2101211', '1761124570.3427506', '1747191196.19546172', '1761879767.193542', '1758876924.11338254', '1755769897.20141419', '1757741841.1049639', '1760601503.1936261', '1762338567.4839902', '1757328156.760050', '1761288288.5086660', '1761544677.7358109', '1758692816.9436759']"
1762338292.4834950,1753758847.4344997,https://speaker-recognition-audio.oss-cn-shanghai-internal.aliyuncs.com/datasets/daily/cscrm/1753758847.4344997.wav,"['1742551140.71518653', '1737797386.47699556', '1752831378.10973831', '1760773373.3719231', '1753758847.4344997', '1748591661.28619958', '1760007842.21123132', '1748163066.25906015', '1745894816.12457422', '1754098321.6503900', '1741757546.66765566', '1756719538.2835748', '1741669773.66258702', '1760161432.426580', '1741506768.65466340', '1754707112.11332078', '1759478319.16467963', '1753520156.2788923', '1753327338.1215598', '1753163230.13275741']"
1762337557.4819870,1762337557.4819870,https://speaker-recognition-audio.oss-cn-shanghai-internal.aliyuncs.com/datasets/daily/cscrm/1762337557.4819870.wav,"['1762337557.4819870', '1761719659.9334210', '1761444934.6361225', '1761124570.3427506', '1747191196.19546172', '1761879767.193542', '1758876924.11338254', '1755769897.20141419', '1757741841.1049639', '1760601503.1936261', '1757328156.760050', '1761288288.5086660', '1761544677.7358109', '1758692816.9436759']"
1762336136.4789962,1762336136.4789962,https://speaker-recognition-audio.oss-cn-shanghai-internal.aliyuncs.com/datasets/daily/cscrm/1762336136.4789962.wav,"['1759217973.14455304', '1762336136.4789962', '1761382617.6058961', '1760865730.529967', '1761881459.232661', '1761033188.2337129', '1760089998.22029262']"
1762336038.4788012,1761808948.10334967,https://speaker-recognition-audio.oss-cn-shanghai-internal.aliyuncs.com/datasets/daily/cscrm/1761808948.10334967.wav,"['1759212715.14344468', '1760266682.1619760', '1761808948.10334967', '1758695725.9491377', '1748511625.28208891', '1755856263.20852333', '1761564267.7799863', '1759993045.20774598', '1760858220.392600', '1759026224.12399155', '1746669916.16331298', '1741404491.64982668', '1762336038.4788012', '1744014857.1856093']"
1762335830.4783364,1760755395.3392515,https://speaker-recognition-audio.oss-cn-shanghai-internal.aliyuncs.com/datasets/daily/cscrm/1760755395.3392515.wav,"['1759906798.19890929', '1761986043.1321614', '1760755395.3392515', '1761906484.670373', '1761558378.7698476', '1761553522.7579412', '1760596876.1806003', '1762335830.4783364', '1761741127.9779208', '1760950283.1418742', '1759919526.20140045']"
1762335075.4766957,1758012827.3550626,https://speaker-recognition-audio.oss-cn-shanghai-internal.aliyuncs.com/datasets/daily/cscrm/1758012827.3550626.wav,"['1758012827.3550626', '1752126491.5337209', '1760007866.21123533', '1740296777.58509556', '1740740552.61267112', '1751612167.1632238', '1741330223.64664128', '1751450915.541032', '1739504062.54512347', '1752137743.5544686', '1760425246.3128730', '1761466441.6719776', '1760695879.3091340', '1761385301.6108414', '1759296450.15006941', '1758081674.4057592', '1758704018.9670008', '1752484308.8100058', '1757139149.5951774', '1760420353.3023345']"
1762333179.4723835,1762333179.4723835,https://speaker-recognition-audio.oss-cn-shanghai-internal.aliyuncs.com/datasets/daily/cscrm/1762333179.4723835.wav,"['1758177063.4977264', '1762168112.3022149', '1762333179.4723835', '1758618240.8894971']"
1762333575.4733671,1760618127.2266601,https://speaker-recognition-audio.oss-cn-shanghai-internal.aliyuncs.com/datasets/daily/cscrm/1760618127.2266601.wav,"['1761039732.2506460', '1762333575.4733671', '1760618127.2266601', '1751889930.3607681', '1759373461.15523764', '1760941278.1171457', '1758788199.10442152', '1760698281.3130274', '1760685853.2857245', '1752038953.4636477', '1761887543.315429', '1759140150.13823110', '1758536095.8181210', '1761015476.1914192', '1758090271.4180141', '1761826977.10661186', '1760522063.1121094', '1759217995.14455791', '1761528421.6985752', '1761450013.6475532']"
1762332539.4708814,1753768865.4466362,https://speaker-recognition-audio.oss-cn-shanghai-internal.aliyuncs.com/datasets/daily/cscrm/1753768865.4466362.wav,"['1753768865.4466362', '1757919311.2452390', '1754272037.7602031', '1762332539.4708814', '1750471306.4425008', '1756457273.1247289', '1755065965.14209611']"
1762332666.4711549,1759039033.12662316,https://speaker-recognition-audio.oss-cn-shanghai-internal.aliyuncs.com/datasets/daily/cscrm/1759039033.12662316.wav,"['1759039033.12662316', '1762332666.4711549', '1758268079.5888810', '1761634349.8383502']"
1762333018.4719614,1753091514.12851381,https://speaker-recognition-audio.oss-cn-shanghai-internal.aliyuncs.com/datasets/daily/cscrm/1753091514.12851381.wav,"['1751707430.2350444', '1753091514.12851381', '1749705411.35491630', '1756287987.24036857', '1751512446.809109', '1750734814.6217542', '1751531452.1083584', '1745305355.9115568', '1752917635.11598631', '1756193119.23203184', '1747883900.24104722', '1750411280.4210085', '1756359085.338644', '1752816097.10705469', '1757490215.2078502', '1751509587.750781', '1744009198.1775232', '1752730005.9972659', '1757056833.5346801', '1754814014.12201335']"
1762332798.4714500,1761039732.2506460,https://speaker-recognition-audio.oss-cn-shanghai-internal.aliyuncs.com/datasets/daily/cscrm/1761039732.2506460.wav,"['1761039732.2506460', '1752038953.4636477', '1761887543.315429', '1759140150.13823110', '1761124427.3424669', '1758536095.8181210', '1760618127.2266601', '1751889930.3607681', '1758523556.7906132', '1761015476.1914192', '1758090271.4180141', '1759373461.15523764', '1760941278.1171457', '1758788199.10442152', '1760698281.3130274', '1760522063.1121094', '1759217995.14455791', '1760685853.2857245', '1761528421.6985752', '1761450013.6475532']"
1762332016.4696443,1761616111.7974208,https://speaker-recognition-audio.oss-cn-shanghai-internal.aliyuncs.com/datasets/daily/cscrm/1761616111.7974208.wav,"['1761616111.7974208', '1749022044.30796439', '1762332016.4696443', '1745456987.9864077']"
1762331317.4679623,1753410122.1824127,https://speaker-recognition-audio.oss-cn-shanghai-internal.aliyuncs.com/datasets/daily/cscrm/1753410122.1824127.wav,"['1752485932.8129691', '1762331317.4679623', '1761216789.4485872', '1753694893.4019559', '1750414849.4264439', '1755677750.19286707', '1752574822.8867120', '1750668132.5875852', '1760672901.2601891', '1757044520.5165766', '1754648499.11098232', '1751421913.93295', '1753410122.1824127', '1761460995.6621717', '1753268576.950329', '1755068658.14258411', '1754903799.12961245', '1754633293.10820042', '1753264466.896558', '1755509466.17854824']"
1762330949.4669562,1761634652.8391032,https://speaker-recognition-audio.oss-cn-shanghai-internal.aliyuncs.com/datasets/daily/cscrm/1761634652.8391032.wav,"['1761634652.8391032', '1760842835.133699', '1762330949.4669562', '1756805580.3501583', '1760065824.21461710', '1761896546.487591', '1761709556.9134318', '1760261103.1539785', '1761551862.7537585', '1761789284.9919038']"
1762330526.4658853,1761963032.861921,https://speaker-recognition-audio.oss-cn-shanghai-internal.aliyuncs.com/datasets/daily/cscrm/1761963032.861921.wav,"['1761030989.2267491', '1760671128.2555261', '1760945043.1272365', '1761023635.2085908', '1761720364.9350818', '1761808269.10317972', '1761037398.2450391', '1761814601.10468653', '1761631383.8312462', '1761889178.341238', '1761965939.927391', '1761355853.5558008', '1761906278.667393', '1761796351.10096780', '1761099134.2825791', '1761963032.861921', '1761791480.9982269', '1761104908.2993393', '1761723902.9442643', '1761893156.415131']"
1762331071.4672789,1761207638.4295668,https://speaker-recognition-audio.oss-cn-shanghai-internal.aliyuncs.com/datasets/daily/cscrm/1761207638.4295668.wav,"['1761207638.4295668', '1736393941.40118236', '1740212198.58170596', '1736750236.42239383', '1735893185.37231223', '1760099537.22173421', '1739597731.54980668', '1740209373.58141967', '1760758842.3470410', '1736151214.38598530', '1760322130.1850443', '1735797819.36562227', '1761120270.3320943', '1738805424.50454886', '1758598321.8532148', '1739086561.52325134', '1738742832.50276879', '1737458211.46130745', '1737430514.45836533', '1737789998.47633028']"
1762329385.4631476,1760945043.1272365,https://speaker-recognition-audio.oss-cn-shanghai-internal.aliyuncs.com/datasets/daily/cscrm/1760945043.1272365.wav,"['1761030989.2267491', '1760671128.2555261', '1760945043.1272365', '1761720364.9350818', '1761708238.9100925', '1761808269.10317972', '1761037398.2450391', '1761814601.10468653', '1761631383.8312462', '1761889178.341238', '1761965939.927391', '1761355853.5558008', '1761906278.667393', '1761099134.2825791', '1761963032.861921', '1761791480.9982269', '1761104908.2993393', '1761723902.9442643', '1762329385.4631476', '1761893156.415131']"
1762329210.4626898,1761039732.2506460,https://speaker-recognition-audio.oss-cn-shanghai-internal.aliyuncs.com/datasets/daily/cscrm/1761039732.2506460.wav,"['1761039732.2506460', '1752038953.4636477', '1761887543.315429', '1759140150.13823110', '1761124427.3424669', '1758536095.8181210', '1760618127.2266601', '1751889930.3607681', '1761015476.1914192', '1758090271.4180141', '1759373461.15523764', '1760941278.1171457', '1758788199.10442152', '1760698281.3130274', '1762329210.4626898', '1760522063.1121094', '1759217995.14455791', '1760685853.2857245', '1761528421.6985752', '1761450013.6475532']"
1762329140.4625249,1752038953.4636477,https://speaker-recognition-audio.oss-cn-shanghai-internal.aliyuncs.com/datasets/daily/cscrm/1752038953.4636477.wav,"['1761039732.2506460', '1752038953.4636477', '1761887543.315429', '1759140150.13823110', '1762329140.4625249', '1761124427.3424669', '1758536095.8181210', '1760618127.2266601', '1751889930.3607681', '1761015476.1914192', '1758090271.4180141', '1759373461.15523764', '1760941278.1171457', '1758788199.10442152', '1760698281.3130274', '1760522063.1121094', '1759217995.14455791', '1760685853.2857245', '1761528421.6985752', '1761450013.6475532']"
1762326855.4565024,1757050589.5233050,https://speaker-recognition-audio.oss-cn-shanghai-internal.aliyuncs.com/datasets/daily/cscrm/1757050589.5233050.wav,"['1757050589.5233050', '1760169879.629373', '1762326855.4565024', '1749627118.34951671', '1751165978.9144823']"
1762326497.4556255,1758692042.9421649,https://speaker-recognition-audio.oss-cn-shanghai-internal.aliyuncs.com/datasets/daily/cscrm/1758692042.9421649.wav,"['1758692042.9421649', '1760241409.1202500', '1759828069.19282981', '1759888349.19521805', '1756433167.864805', '1758848453.10736857', '1759731055.18391371', '1759125650.13520409', '1759742249.18579041', '1759111129.13239732', '1758618639.8903340', '1758420706.6933736', '1758940542.11688233', '1760757543.3441250', '1758505949.7549265', '1758703376.9656881', '1758259444.5713643', '1758616066.8851869', '1756794228.3299125']"
1762325982.4543075,1761631383.8312462,https://speaker-recognition-audio.oss-cn-shanghai-internal.aliyuncs.com/datasets/daily/cscrm/1761631383.8312462.wav,"['1761030989.2267491', '1760671128.2555261', '1760945043.1272365', '1761643288.8626509', '1761720364.9350818', '1761808269.10317972', '1762325982.4543075', '1761814601.10468653', '1761631383.8312462', '1761889178.341238', '1761965939.927391', '1761355853.5558008', '1761906278.667393', '1761796351.10096780', '1761099134.2825791', '1761963032.861921', '1761791480.9982269', '1761104908.2993393', '1761723902.9442643', '1761893156.415131']"
1762325537.4531565,1762325537.4531565,https://speaker-recognition-audio.oss-cn-shanghai-internal.aliyuncs.com/datasets/daily/cscrm/1762325537.4531565.wav,"['1762325537.4531565', '1760597019.1809440', '1761298223.5317759', '1758630595.9052325', '1746675405.16429524', '1747212604.19844590', '1758963607.12068519', '1758095611.4293661', '1759061402.13090379', '1760410729.2835619', '1757748403.1154104', '1744179905.2771453', '1744374188.3994258', '1747821279.23825336', '1758005759.3373399', '1760351024.2488497', '1755841866.20587322', '1757765921.1375973', '1760498837.578632', '1759490072.16620094']"
1762325853.4539891,1759994906.20825920,https://speaker-recognition-audio.oss-cn-shanghai-internal.aliyuncs.com/datasets/daily/cscrm/1759994906.20825920.wav,"['1759994906.20825920', '1754994187.13764382', '1762325853.4539891', '1759911126.19988152']"
1762326068.4545389,1749281223.32538171,https://speaker-recognition-audio.oss-cn-shanghai-internal.aliyuncs.com/datasets/daily/cscrm/1749281223.32538171.wav,"['1749281223.32538171', '1743391316.75682117', '1748766347.29332172', '1758507457.7592134', '1759469657.16326016', '1750818265.6790911', '1747649518.22576349', '1759909780.19959193', '1752203614.5960830', '1743659834.232934', '1749199703.32062750', '1756539737.1731798', '1759907075.19897369', '1754729807.11670701', '1746844448.17478834', '1754794060.11946586', '1750736861.6251876', '1747017407.18370719', '1748053565.25206678', '1744458948.4480322']"
1762325080.4519956,1762325080.4519956,https://speaker-recognition-audio.oss-cn-shanghai-internal.aliyuncs.com/datasets/daily/cscrm/1762325080.4519956.wav,"['1759806378.18887869', '1759142549.13857973', '1751709430.2375880', '1752834930.11028063', '1751007540.8166189', '1753788231.4746973', '1759392816.15828849', '1751079046.8575598', '1753843180.4895384', '1761631629.8317662', '1762325080.4519956', '1750764829.6626994', '1751016042.8308110', '1758683796.9296902', '1761623458.8177475', '1750757369.6539122', '1761630314.8288716', '1761471607.6803460']"
1762323552.4482823,1761889178.341238,https://speaker-recognition-audio.oss-cn-shanghai-internal.aliyuncs.com/datasets/daily/cscrm/1761889178.341238.wav,"['1761030989.2267491', '1760671128.2555261', '1760945043.1272365', '1761023635.2085908', '1761720364.9350818', '1761808269.10317972', '1761037398.2450391', '1761814601.10468653', '1761631383.8312462', '1761889178.341238', '1761965939.927391', '1761355853.5558008', '1761906278.667393', '1761796351.10096780', '1761099134.2825791', '1761963032.861921', '1761791480.9982269', '1761104908.2993393', '1761723902.9442643', '1761893156.415131']"
1762322295.4454747,1751507459.705028,https://speaker-recognition-audio.oss-cn-shanghai-internal.aliyuncs.com/datasets/daily/cscrm/1751507459.705028.wav,"['1751507459.705028', '1761912042.734946', '1750495986.4755297', '1761961399.827763', '1762322295.4454747', '1752546728.8398342', '1761186792.3811740']"
1762322052.4449655,1754544714.9961990,https://speaker-recognition-audio.oss-cn-shanghai-internal.aliyuncs.com/datasets/daily/cscrm/1754544714.9961990.wav,"['1754544714.9961990', '1757745977.1113822', '1754298878.8051579', '1759632526.17535899', '1757574839.2784435', '1760582150.1491724', '1741413060.65047090', '1761618306.8038989', '1762322052.4449655', '1760507573.749941', '1761551831.7536872']"
1762321189.4432128,1752720941.9831632,https://speaker-recognition-audio.oss-cn-shanghai-internal.aliyuncs.com/datasets/daily/cscrm/1752720941.9831632.wav,"['1747982798.24859593', '1753875789.5323156', '1754049685.6430686', '1757120994.5645732', '1752748061.10294081', '1752400799.7465216', '1760944199.1247621', '1756110922.22617960', '1755085729.14537753', '1752720941.9831632', '1757140237.5968058', '1750994982.8012773', '1759231207.14684676', '1762321189.4432128', '1756189728.23145785', '1757482879.1926860', '1761118206.3266195', '1753253718.695203']"
1762320519.4419062,1761355853.5558008,https://speaker-recognition-audio.oss-cn-shanghai-internal.aliyuncs.com/datasets/daily/cscrm/1761355853.5558008.wav,"['1761030989.2267491', '1762320519.4419062', '1760671128.2555261', '1760945043.1272365', '1761720364.9350818', '1761808269.10317972', '1761037398.2450391', '1761814601.10468653', '1761631383.8312462', '1761889178.341238', '1761965939.927391', '1761355853.5558008', '1761906278.667393', '1761796351.10096780', '1761099134.2825791', '1761963032.861921', '1761791480.9982269', '1761104908.2993393', '1761723902.9442643', '1761893156.415131']"
1762319518.4399714,1761889178.341238,https://speaker-recognition-audio.oss-cn-shanghai-internal.aliyuncs.com/datasets/daily/cscrm/1761889178.341238.wav,"['1761030989.2267491', '1760671128.2555261', '1760945043.1272365', '1761023635.2085908', '1761720364.9350818', '1761808269.10317972', '1761037398.2450391', '1761814601.10468653', '1761631383.8312462', '1761889178.341238', '1761965939.927391', '1761355853.5558008', '1761906278.667393', '1761796351.10096780', '1761099134.2825791', '1761963032.861921', '1761791480.9982269', '1761104908.2993393', '1761723902.9442643', '1761893156.415131']"
1762314613.4309963,1749705411.35491630,https://speaker-recognition-audio.oss-cn-shanghai-internal.aliyuncs.com/datasets/daily/cscrm/1749705411.35491630.wav,"['1751707430.2350444', '1753091514.12851381', '1749705411.35491630', '1756287987.24036857', '1751512446.809109', '1750734814.6217542', '1751531452.1083584', '1745305355.9115568', '1752917635.11598631', '1756193119.23203184', '1747883900.24104722', '1750411280.4210085', '1756359085.338644', '1752816097.10705469', '1757490215.2078502', '1751509587.750781', '1744009198.1775232', '1752730005.9972659', '1757056833.5346801', '1754814014.12201335']"
1762314011.4295707,1737010423.43802300,https://speaker-recognition-audio.oss-cn-shanghai-internal.aliyuncs.com/datasets/daily/cscrm/1737010423.43802300.wav,"['1737010423.43802300', '1756349887.192420', '1757128056.5798207', '1749452146.33622120', '1760430179.3249273', '1745891381.12393531', '1757672154.652433', '1754545973.9985109', '1741339660.64780044', '1742296681.69783119', '1737364179.45604495', '1758694898.9475630', '1756273741.23786624', '1761028750.2205657', '1752911503.11507305', '1740032398.57189510', '1743586182.76793767', '1758695996.9497211', '1741068689.63119023', '1753432644.2199691']"
1762313578.4285318,1760953232.1490084,https://speaker-recognition-audio.oss-cn-shanghai-internal.aliyuncs.com/datasets/daily/cscrm/1760953232.1490084.wav,"['1754466643.9293881', '1760577096.1343721', '1762313578.4285318', '1760687004.2888226', '1760953232.1490084', '1758015561.3611200', '1748853184.29775916']"
1762312976.4269692,1759222674.14556831,https://speaker-recognition-audio.oss-cn-shanghai-internal.aliyuncs.com/datasets/daily/cscrm/1759222674.14556831.wav,"['1759222674.14556831', '1750406387.4123220', '1749540532.34302052', '1752459217.7662586', '1762165677.2986493', '1756024117.21957711', '1748252891.26490389', '1750383906.3755783', '1762312976.4269692', '1753778367.4629847']"
1762313208.4275601,1761618778.8052970,https://speaker-recognition-audio.oss-cn-shanghai-internal.aliyuncs.com/datasets/daily/cscrm/1761618778.8052970.wav,"['1761618778.8052970', '1759043970.12769141', '1757841459.1858345', '1760945663.1291545', '1761184430.3730282', '1762313208.4275601', '1761103224.2945978']"
1762312061.4244451,1756272588.23771683,https://speaker-recognition-audio.oss-cn-shanghai-internal.aliyuncs.com/datasets/daily/cscrm/1756272588.23771683.wav,"['1752131669.5426132', '1752221857.6266475', '1756949743.4268922', '1760333400.2087433', '1757575793.2804738', '1761277457.4878488', '1756272588.23771683', '1752803853.10487790', '1754019065.6050067', '1753147325.13007300', '1755135469.14652528', '1754011211.5919183', '1754982775.13552194', '1754298343.8041876', '1752202898.5945393', '1755223833.15462171', '1753083117.12686184', '1756461327.1312320', '1756282404.23942970', '1761371191.5838437']"
1762310877.4213107,1760420757.3030386,https://speaker-recognition-audio.oss-cn-shanghai-internal.aliyuncs.com/datasets/daily/cscrm/1760420757.3030386.wav,"['1760420757.3030386', '1762310877.4213107', '1761642276.8598994', '1761647303.8713509']"
1762309748.4181107,1760584251.1552152,https://speaker-recognition-audio.oss-cn-shanghai-internal.aliyuncs.com/datasets/daily/cscrm/1760584251.1552152.wav,"['1760518538.1036054', '1756288456.24043637', '1755658055.18934969', '1758785487.10375620', '1760584251.1552152', '1761819041.10562346', '1760608051.2120006', '1762309748.4181107', '1758850300.10771366', '1760004701.21073462', '1758590866.8340419', '1760148213.132665']"
1762309215.4165467,1758004773.3350063,https://speaker-recognition-audio.oss-cn-shanghai-internal.aliyuncs.com/datasets/daily/cscrm/1758004773.3350063.wav,"['1739410934.53964970', '1740734183.61190590', '1760926313.817880', '1751867917.3274084', '1758004773.3350063', '1740289794.58445386', '1739936526.56623065', '1754897004.12821933', '1759995423.20839577', '1761874734.72388', '1746324039.14481010', '1755937673.21392488', '1759023954.12330853', '1761532702.7109155', '1759227932.14644374']"
1762307320.4113319,1759906798.19890929,https://speaker-recognition-audio.oss-cn-shanghai-internal.aliyuncs.com/datasets/daily/cscrm/1759906798.19890929.wav,"['1759906798.19890929', '1761986043.1321614', '1760755395.3392515', '1761906484.670373', '1761028226.2191126', '1761558378.7698476', '1761553522.7579412', '1761741127.9779208', '1762307320.4113319', '1759919526.20140045']"
1762256520.3964792,1760776855.3791344,https://speaker-recognition-audio.oss-cn-shanghai-internal.aliyuncs.com/datasets/daily/cscrm/1760776855.3791344.wav,"['1751008250.8177239', '1760955963.1550495', '1745723086.11400312', '1760776855.3791344', '1760596208.1789554', '1748075637.25452226', '1760779989.3848878', '1746945243.18068167', '1761111837.3109202', '1760170038.633150', '1748858683.29827831', '1756436333.934301', '1758509919.7656292', '1756201087.23356391', '1758335813.6312763', '1756458114.1260699', '1761025228.2116907', '1762256520.3964792', '1760605263.2051272', '1751943371.3795024']"
1762256734.3967600,1761888439.329368,https://speaker-recognition-audio.oss-cn-shanghai-internal.aliyuncs.com/datasets/daily/cscrm/1761888439.329368.wav,"['1761888439.329368', '1761383237.6069890', '1754049034.6425144', '1758269617.5924077', '1750301702.3185760', '1755672161.19168782', '1757154048.6184797', '1755755782.19865278', '1750401335.4033734', '1745147623.8277610', '1752146299.5667016', '1757491023.2096536', '1756092847.22321801', '1745830879.12197842', '1753340533.1399228', '1761726603.9512866', '1747721771.22964211', '1754385869.8724349', '1745039725.7716872']"
1762255794.3955298,1739697620.55483841,https://speaker-recognition-audio.oss-cn-shanghai-internal.aliyuncs.com/datasets/daily/cscrm/1739697620.55483841.wav,"['1745543270.10383608', '1739697620.55483841', '1761291474.5163098', '1747110841.19063580', '1757933372.2750816', '1740639377.60475975', '1741249674.64234071', '1741743328.66589642', '1745560410.10605139', '1741858478.67431532', '1761795632.10081150', '1761619379.8069578', '1736847468.42834151', '1737883192.48038592', '1758518696.7809782', '1741672460.66285400', '1741173372.63833669', '1739696539.55472880', '1739416955.54060037', '1740452531.59275347']"
1762254223.3934130,1752667863.9628376,https://speaker-recognition-audio.oss-cn-shanghai-internal.aliyuncs.com/datasets/daily/cscrm/1752667863.9628376.wav,"['1752667863.9628376', '1753514870.2712646', '1757679912.738874', '1755247401.15869789', '1752808697.10600614', '1752566571.8727294', '1758863784.11054577', '1749965768.843713', '1747626840.22236937', '1752655845.9474058', '1761290790.5146318', '1754387969.8758070', '1751091938.8750538', '1754470492.9363217', '1755767518.20096417', '1749291784.32667685', '1752028426.4474331', '1761805280.10247644', '1755256356.16005224', '1756366401.465599']"
1762252554.3909275,1757483884.1944079,https://speaker-recognition-audio.oss-cn-shanghai-internal.aliyuncs.com/datasets/daily/cscrm/1757483884.1944079.wav,"['1757483884.1944079', '1762252554.3909275', '1760342943.2310047', '1757670328.624640', '1761722689.9408858', '1761556106.7644914']"
1762251054.3878628,1761889178.341238,https://speaker-recognition-audio.oss-cn-shanghai-internal.aliyuncs.com/datasets/daily/cscrm/1761889178.341238.wav,"['1761030989.2267491', '1760671128.2555261', '1760945043.1272365', '1761023635.2085908', '1761720364.9350818', '1761808269.10317972', '1761037398.2450391', '1761814601.10468653', '1761631383.8312462', '1761889178.341238', '1761965939.927391', '1761355853.5558008', '1761906278.667393', '1761796351.10096780', '1761099134.2825791', '1761963032.861921', '1761791480.9982269', '1761104908.2993393', '1761723902.9442643', '1761893156.415131']"
1762250070.3854346,1761889178.341238,https://speaker-recognition-audio.oss-cn-shanghai-internal.aliyuncs.com/datasets/daily/cscrm/1761889178.341238.wav,"['1761030989.2267491', '1760671128.2555261', '1760945043.1272365', '1761023635.2085908', '1761720364.9350818', '1761808269.10317972', '1761037398.2450391', '1761814601.10468653', '1761631383.8312462', '1761889178.341238', '1761965939.927391', '1761355853.5558008', '1761906278.667393', '1761796351.10096780', '1761099134.2825791', '1761963032.861921', '1761791480.9982269', '1761104908.2993393', '1761723902.9442643', '1761893156.415131']"
1762248868.3826464,1760862581.476936,https://speaker-recognition-audio.oss-cn-shanghai-internal.aliyuncs.com/datasets/daily/cscrm/1760862581.476936.wav,"['1747982798.24859593', '1754049685.6430686', '1758879031.11380799', '1752400799.7465216', '1756110922.22617960', '1755085729.14537753', '1757482879.1926860', '1753253718.695203', '1753875789.5323156', '1757120994.5645732', '1760862581.476936', '1752748061.10294081', '1754118262.6769405', '1753600980.3243187', '1752720941.9831632', '1757140237.5968058', '1750994982.8012773', '1759231207.14684676', '1756189728.23145785', '1747712960.22861898']"
1762248483.3817731,1741851025.67336604,https://speaker-recognition-audio.oss-cn-shanghai-internal.aliyuncs.com/datasets/daily/cscrm/1741851025.67336604.wav,"['1745819829.12027030', '1761801560.10172917', '1741851025.67336604', '1762248483.3817731', '1755657636.18924773']"
1762247546.3795730,1761475033.6849205,https://speaker-recognition-audio.oss-cn-shanghai-internal.aliyuncs.com/datasets/daily/cscrm/1761475033.6849205.wav,"['1752217479.6180501', '1761475033.6849205', '1759905469.19862702', '1760089909.22027253', '1762247546.3795730', '1755930021.21273881', '1760427148.3175137', '1761293269.5209727', '1760512332.864718', '1759145790.13897079', '1744452906.4442973', '1741865994.67499700', '1743312430.75396120', '1742460882.70838521', '1742018232.68195593', '1760165428.518166', '1742364090.70081719', '1760425346.3131023', '1761650077.8753934', '1761471755.6805504']"
1762247755.3800351,1760701167.3170075,https://speaker-recognition-audio.oss-cn-shanghai-internal.aliyuncs.com/datasets/daily/cscrm/1760701167.3170075.wav,"['1760701167.3170075', '1761199215.4086709', '1760598111.1835539', '1762247755.3800351']"
1762246980.3782352,1761731218.9620847,https://speaker-recognition-audio.oss-cn-shanghai-internal.aliyuncs.com/datasets/daily/cscrm/1761731218.9620847.wav,"['1761731218.9620847', '1762246980.3782352', '1761894489.442624', '1760078877.21735163', '1758881693.11428405', '1761810857.10379396']"
1762246187.3763556,1762246187.3763556,https://speaker-recognition-audio.oss-cn-shanghai-internal.aliyuncs.com/datasets/daily/cscrm/1762246187.3763556.wav,"['1762246187.3763556', '1761301935.5390670', '1756288456.24043637', '1758785487.10375620', '1755658055.18934969', '1760584251.1552152', '1761819041.10562346', '1760608051.2120006', '1758850300.10771366', '1760004701.21073462', '1758590866.8340419', '1760148213.132665']"
1762246367.3768256,1752131669.5426132,https://speaker-recognition-audio.oss-cn-shanghai-internal.aliyuncs.com/datasets/daily/cscrm/1752131669.5426132.wav,"['1752131669.5426132', '1752221857.6266475', '1756949743.4268922', '1760333400.2087433', '1761277457.4878488', '1762246367.3768256', '1756272588.23771683', '1752803853.10487790', '1754019065.6050067', '1753147325.13007300', '1755135469.14652528', '1754011211.5919183', '1754982775.13552194', '1754298343.8041876', '1752202898.5945393', '1755223833.15462171', '1753083117.12686184', '1756461327.1312320', '1756282404.23942970', '1761371191.5838437']"
1762246570.3772701,1754544714.9961990,https://speaker-recognition-audio.oss-cn-shanghai-internal.aliyuncs.com/datasets/daily/cscrm/1754544714.9961990.wav,"['1761888434.329306', '1754544714.9961990', '1757745977.1113822', '1754298878.8051579', '1762246570.3772701', '1759632526.17535899', '1757574839.2784435', '1760582150.1491724', '1741413060.65047090', '1761618306.8038989', '1760507573.749941', '1761551831.7536872']"
1762246413.3769492,1760755395.3392515,https://speaker-recognition-audio.oss-cn-shanghai-internal.aliyuncs.com/datasets/daily/cscrm/1760755395.3392515.wav,"['1759906798.19890929', '1761986043.1321614', '1760755395.3392515', '1761906484.670373', '1762246413.3769492', '1761558378.7698476', '1761553522.7579412', '1760596876.1806003', '1761741127.9779208', '1759919526.20140045']"
1762245510.3747200,1756454918.1207262,https://speaker-recognition-audio.oss-cn-shanghai-internal.aliyuncs.com/datasets/daily/cscrm/1756454918.1207262.wav,"['1758350957.6532692', '1757385478.985072', '1756114360.22683958', '1758612509.8771178', '1760777248.3798732', '1758091302.4200015', '1756454918.1207262', '1756087657.22204779', '1756890597.4094781', '1758593286.8408759', '1758963879.12072731', '1758425128.7025397', '1759128429.13579559', '1756372094.579808', '1756272941.23775944', '1758431352.7095543', '1756282809.23950477', '1758276798.6061136', '1756365229.441748', '1757488645.2040854']"
1762244194.3714493,1753348160.1544958,https://speaker-recognition-audio.oss-cn-shanghai-internal.aliyuncs.com/datasets/daily/cscrm/1753348160.1544958.wav,"['1753348160.1544958', '1762244194.3714493', '1761546963.7410612', '1752304268.6810083', '1755248602.15892683', '1752049975.4823581']"
1762244115.3712400,1757679912.738874,https://speaker-recognition-audio.oss-cn-shanghai-internal.aliyuncs.com/datasets/daily/cscrm/1757679912.738874.wav,"['1752667863.9628376', '1753514870.2712646', '1751951935.3922994', '1757679912.738874', '1755247401.15869789', '1752566571.8727294', '1758863784.11054577', '1749965768.843713', '1747626840.22236937', '1752655845.9474058', '1761290790.5146318', '1754387969.8758070', '1751091938.8750538', '1754470492.9363217', '1755767518.20096417', '1749291784.32667685', '1752028426.4474331', '1761805280.10247644', '1755256356.16005224', '1756366401.465599']"
1762243592.3698317,1752647436.9311980,https://speaker-recognition-audio.oss-cn-shanghai-internal.aliyuncs.com/datasets/daily/cscrm/1752647436.9311980.wav,"['1747363031.20679321', '1760345617.2374192', '1741244547.64161896', '1752647436.9311980', '1752477701.7970980', '1756715532.2766284', '1760164039.482924', '1760429853.3241164', '1760346047.2385027', '1760611428.2184388', '1747982382.24852692', '1757667362.571411', '1758179042.5016702', '1761297669.5306425', '1761545431.7375069', '1760149373.166869', '1758523138.7897966', '1760495211.445553', '1761012089.1806182', '1761729604.9583126']"
1762243311.3690379,1755228256.15563289,https://speaker-recognition-audio.oss-cn-shanghai-internal.aliyuncs.com/datasets/daily/cscrm/1755228256.15563289.wav,"['1756195063.23242367', '1741068038.63110063', '1737535696.46488075', '1762243311.3690379', '1755228256.15563289', '1744699899.5760130', '1749347986.32792615', '1744425671.4129855', '1755140125.14782061', '1756108225.22561622', '1750385155.3784395', '1743042868.74015353', '1761622444.8152867', '1737362965.45585534', '1749536230.34233373', '1759636241.17614422']"
1762243317.3690578,1751507459.705028,https://speaker-recognition-audio.oss-cn-shanghai-internal.aliyuncs.com/datasets/daily/cscrm/1751507459.705028.wav,"['1751507459.705028', '1761912042.734946', '1750495986.4755297', '1761961399.827763', '1760322083.1848897', '1752546728.8398342', '1761186792.3811740', '1761462051.6639907']"
1762242665.3674255,1752647436.9311980,https://speaker-recognition-audio.oss-cn-shanghai-internal.aliyuncs.com/datasets/daily/cscrm/1752647436.9311980.wav,"['1762242665.3674255', '1747363031.20679321', '1760345617.2374192', '1741244547.64161896', '1752647436.9311980', '1756715532.2766284', '1760164039.482924', '1760429853.3241164', '1760346047.2385027', '1760611428.2184388', '1747982382.24852692', '1757667362.571411', '1758179042.5016702', '1761297669.5306425', '1761545431.7375069', '1760149373.166869', '1758523138.7897966', '1760495211.445553', '1761012089.1806182', '1761729604.9583126']"
1762242338.3666240,1762242338.3666240,https://speaker-recognition-audio.oss-cn-shanghai-internal.aliyuncs.com/datasets/daily/cscrm/1762242338.3666240.wav,"['1756781403.3107163', '1762242338.3666240', '1754634484.10840357', '1757657267.373653', '1751531695.1087553', '1756280036.23896804', '1759224086.14582445', '1751696625.2197854', '1758271124.5956169']"
1762242301.3665132,1759023568.12320615,https://speaker-recognition-audio.oss-cn-shanghai-internal.aliyuncs.com/datasets/daily/cscrm/1759023568.12320615.wav,"['1760508479.768893', '1760863217.488342', '1759023568.12320615', '1760078059.21714168', '1754035190.6257061', '1757039264.5048505', '1756956085.4412484', '1760426712.3163860', '1754896086.12802907', '1753091339.12848582', '1756104942.22495217', '1755585930.18418691', '1757835560.1770196', '1756347814.143296', '1761102377.2920771', '1754375066.8528346', '1753323734.1137306', '1753778883.4637712', '1754982730.13551157', '1756804936.3491269']"
1762241718.3651299,1760170038.633150,https://speaker-recognition-audio.oss-cn-shanghai-internal.aliyuncs.com/datasets/daily/cscrm/1760170038.633150.wav,"['1751008250.8177239', '1760955963.1550495', '1762241718.3651299', '1760776855.3791344', '1760596208.1789554', '1760779989.3848878', '1746945243.18068167', '1761111837.3109202', '1760170038.633150', '1748858683.29827831', '1756436333.934301', '1761986231.1325667', '1758509919.7656292', '1756201087.23356391', '1758335813.6312763', '1756458114.1260699', '1761025228.2116907', '1761962068.840069', '1760605263.2051272', '1751943371.3795024']"
1762241352.3642822,1760062591.21365954,https://speaker-recognition-audio.oss-cn-shanghai-internal.aliyuncs.com/datasets/daily/cscrm/1760062591.21365954.wav,"['1760062591.21365954', '1759215685.14404680', '1760421280.3039871', '1762241352.3642822', '1760665501.2384099', '1759997121.20890051', '1758966642.12117550']"
1762241094.3636411,1761809079.10337933,https://speaker-recognition-audio.oss-cn-shanghai-internal.aliyuncs.com/datasets/daily/cscrm/1761809079.10337933.wav,"['1761809079.10337933', '1747809601.23629072', '1759653716.17892810', '1741946177.67937294', '1755074297.14364210', '1754285351.7813468', '1742009885.68135203', '1752631225.9052867', '1755856691.20859634', '1742377954.70285978', '1762241094.3636411', '1748497495.28006756', '1748246514.26400073', '1749888759.425854', '1755162676.15177187', '1752225296.6327535', '1749955554.726024', '1744266366.3278948']"
1762240814.3629316,1754738414.11769850,https://speaker-recognition-audio.oss-cn-shanghai-internal.aliyuncs.com/datasets/daily/cscrm/1754738414.11769850.wav,"['1755343752.16628276', '1751251359.9594707', '1755325012.16374089', '1751708873.2369122', '1759651009.17841357', '1754738414.11769850', '1759196697.14031571', '1755688689.19469226', '1751017815.8333086', '1750758936.6562626', '1754894456.12770441', '1760530813.1263508', '1755571364.18166339', '1757241494.28027', '1754542068.9929623', '1752218249.6195243', '1753957172.5822884']"
1762241088.3636205,1761039732.2506460,https://speaker-recognition-audio.oss-cn-shanghai-internal.aliyuncs.com/datasets/daily/cscrm/1761039732.2506460.wav,"['1761039732.2506460', '1752038953.4636477', '1761887543.315429', '1759140150.13823110', '1762241088.3636205', '1758536095.8181210', '1760618127.2266601', '1751889930.3607681', '1761015476.1914192', '1758090271.4180141', '1759373461.15523764', '1760941278.1171457', '1758788199.10442152', '1760698281.3130274', '1761826977.10661186', '1760522063.1121094', '1759217995.14455791', '1760685853.2857245', '1761528421.6985752', '1761450013.6475532']"
1762240292.3616391,1737010423.43802300,https://speaker-recognition-audio.oss-cn-shanghai-internal.aliyuncs.com/datasets/daily/cscrm/1737010423.43802300.wav,"['1737010423.43802300', '1756349887.192420', '1762240292.3616391', '1757128056.5798207', '1760430179.3249273', '1749452146.33622120', '1745891381.12393531', '1757672154.652433', '1754545973.9985109', '1741339660.64780044', '1742296681.69783119', '1758694898.9475630', '1756273741.23786624', '1761028750.2205657', '1752911503.11507305', '1740032398.57189510', '1743586182.76793767', '1758695996.9497211', '1741068689.63119023', '1753432644.2199691']"
1762240123.3612499,1745478644.10165944,https://speaker-recognition-audio.oss-cn-shanghai-internal.aliyuncs.com/datasets/daily/cscrm/1745478644.10165944.wav,"['1745478644.10165944', '1760428154.3200346', '1757932576.2737345', '1762240123.3612499']"
1762239233.3592597,1761889178.341238,https://speaker-recognition-audio.oss-cn-shanghai-internal.aliyuncs.com/datasets/daily/cscrm/1761889178.341238.wav,"['1761030989.2267491', '1760671128.2555261', '1760945043.1272365', '1761023635.2085908', '1761720364.9350818', '1761808269.10317972', '1761037398.2450391', '1761814601.10468653', '1761631383.8312462', '1761889178.341238', '1761965939.927391', '1761355853.5558008', '1761906278.667393', '1761796351.10096780', '1761099134.2825791', '1761963032.861921', '1761791480.9982269', '1761104908.2993393', '1761723902.9442643', '1761893156.415131']"
1762238917.3585168,1761789736.9931332,https://speaker-recognition-audio.oss-cn-shanghai-internal.aliyuncs.com/datasets/daily/cscrm/1761789736.9931332.wav,"['1761548656.7449321', '1743414666.75907956', '1742194592.69050078', '1750922434.7608413', '1761878271.158982', '1737857173.47801032', '1761789736.9931332', '1753087931.12787819']"
1762236964.3540513,1759906798.19890929,https://speaker-recognition-audio.oss-cn-shanghai-internal.aliyuncs.com/datasets/daily/cscrm/1759906798.19890929.wav,"['1759906798.19890929', '1761986043.1321614', '1760755395.3392515', '1761906484.670373', '1761028226.2191126', '1761558378.7698476', '1761553522.7579412', '1761741127.9779208', '1760950283.1418742', '1759919526.20140045']"
1762237315.3548461,1739845976.56103559,https://speaker-recognition-audio.oss-cn-shanghai-internal.aliyuncs.com/datasets/daily/cscrm/1739845976.56103559.wav,"['1739845976.56103559', '1739675069.55304656', '1738809910.50540542', '1759127748.13564597', '1736409379.40285283', '1752896207.11311149', '1748067094.25352842', '1746069688.13450770', '1737444987.46002222', '1740551048.59936265', '1760520513.1082121', '1747638005.22381292', '1747907427.24442258', '1742710120.72246866', '1738036129.48498192', '1758621261.8952014', '1740708954.60801828', '1736649233.41623584', '1759041150.12705223', '1752667186.9622827']"
1762236308.3525578,1761808948.10334967,https://speaker-recognition-audio.oss-cn-shanghai-internal.aliyuncs.com/datasets/daily/cscrm/1761808948.10334967.wav,"['1759212715.14344468', '1760266682.1619760', '1761808948.10334967', '1758695725.9491377', '1748511625.28208891', '1755856263.20852333', '1761564267.7799863', '1759993045.20774598', '1760858220.392600', '1759026224.12399155', '1746669916.16331298', '1741404491.64982668', '1762236308.3525578', '1744014857.1856093']"
1762236090.3520888,1743578054.76683780,https://speaker-recognition-audio.oss-cn-shanghai-internal.aliyuncs.com/datasets/daily/cscrm/1743578054.76683780.wav,"['1751965462.4161184', '1736391338.40081839', '1757660444.433185', '1757574089.2770189', '1756706695.2609208', '1756290410.24070585', '1743587696.76811087', '1752292430.6677705', '1757058434.5380322', '1747452401.21278338', '1749782413.36003765', '1743578054.76683780', '1754556109.10217556', '1745458452.9890775', '1756779814.3068346', '1740210093.58149959', '1749117294.31520742', '1745479912.10185770']"
1762235794.3514967,1759023568.12320615,https://speaker-recognition-audio.oss-cn-shanghai-internal.aliyuncs.com/datasets/daily/cscrm/1759023568.12320615.wav,"['1760508479.768893', '1760863217.488342', '1759023568.12320615', '1760078059.21714168', '1754035190.6257061', '1759052952.12970602', '1757039264.5048505', '1756956085.4412484', '1760426712.3163860', '1753091339.12848582', '1756104942.22495217', '1755585930.18418691', '1757835560.1770196', '1756347814.143296', '1761102377.2920771', '1754375066.8528346', '1753323734.1137306', '1753778883.4637712', '1754982730.13551157', '1756804936.3491269']"
1762235392.3507708,1750930975.7736970,https://speaker-recognition-audio.oss-cn-shanghai-internal.aliyuncs.com/datasets/daily/cscrm/1750930975.7736970.wav,"['1750930975.7736970', '1757406330.1362212', '1753953756.5779810', '1750407385.4141899', '1751694035.2167257', '1749621997.34863927', '1751276571.9938248', '1750151181.2253938', '1751953087.3937799', '1749542672.34339537', '1753076750.12563414', '1756194741.23235815', '1750931201.7739855', '1752039378.4641977', '1750832711.6977604', '1750666854.5855153', '1753255642.730282', '1750923034.7617811', '1754041008.6344483', '1751530850.1072170']"
1762234464.3489510,1758953315.11885895,https://speaker-recognition-audio.oss-cn-shanghai-internal.aliyuncs.com/datasets/daily/cscrm/1758953315.11885895.wav,"['1758953315.11885895', '1762234464.3489510', '1758080014.4025780', '1760666681.2420260']"
1762234623.3492567,1753091514.12851381,https://speaker-recognition-audio.oss-cn-shanghai-internal.aliyuncs.com/datasets/daily/cscrm/1753091514.12851381.wav,"['1751707430.2350444', '1753091514.12851381', '1749705411.35491630', '1756287987.24036857', '1751512446.809109', '1750734814.6217542', '1751531452.1083584', '1745305355.9115568', '1752917635.11598631', '1756193119.23203184', '1747883900.24104722', '1750411280.4210085', '1756359085.338644', '1752816097.10705469', '1757490215.2078502', '1751509587.750781', '1744009198.1775232', '1752730005.9972659', '1757056833.5346801', '1754814014.12201335']"
1762234453.3489247,1751889930.3607681,https://speaker-recognition-audio.oss-cn-shanghai-internal.aliyuncs.com/datasets/daily/cscrm/1751889930.3607681.wav,"['1761039732.2506460', '1752038953.4636477', '1761887543.315429', '1759140150.13823110', '1761124427.3424669', '1758536095.8181210', '1760618127.2266601', '1751889930.3607681', '1761015476.1914192', '1758090271.4180141', '1759373461.15523764', '1760941278.1171457', '1758788199.10442152', '1760698281.3130274', '1761826977.10661186', '1760522063.1121094', '1759217995.14455791', '1760685853.2857245', '1761528421.6985752', '1761450013.6475532']"
1762232937.3461096,1754984009.13578691,https://speaker-recognition-audio.oss-cn-shanghai-internal.aliyuncs.com/datasets/daily/cscrm/1754984009.13578691.wav,"['1754984009.13578691', '1762232937.3461096', '1756091727.22297244', '1759998415.20925593']"
1762232603.3455851,1760581116.1461056,https://speaker-recognition-audio.oss-cn-shanghai-internal.aliyuncs.com/datasets/daily/cscrm/1760581116.1461056.wav,"['1760581116.1461056', '1761902912.611316', '1758109541.4529270', '1759995027.20829276', '1759915844.20082095', '1761288901.5100933', '1759216155.14413455', '1762232603.3455851', '1758611850.8754280', '1758162531.4721341']"
1762232571.3455276,1761540363.7283676,https://speaker-recognition-audio.oss-cn-shanghai-internal.aliyuncs.com/datasets/daily/cscrm/1761540363.7283676.wav,"['1761540363.7283676', '1761565110.7810284', '1761636878.8452505', '1760254112.1404901', '1757490817.2091561', '1761297566.5304161', '1761483200.6910857', '1757485602.1979541', '1762232571.3455276']"
1762227791.3384684,1755312213.16205610,https://speaker-recognition-audio.oss-cn-shanghai-internal.aliyuncs.com/datasets/daily/cscrm/1755312213.16205610.wav,"['1755312213.16205610', '1753855968.5060367', '1757063499.5474882', '1761534740.7168939', '1755423203.17126516', '1762227791.3384684', '1752287328.6596939']"
1762226980.3365571,1759135803.13738001,https://speaker-recognition-audio.oss-cn-shanghai-internal.aliyuncs.com/datasets/daily/cscrm/1759135803.13738001.wav,"['1759135803.13738001', '1761287705.5073159', '1752563939.8677644', '1753866013.5211856', '1760421087.3036229', '1759999910.20964018', '1752220559.6240267', '1762226980.3365571']"
1762226077.3342263,1751880460.3500912,https://speaker-recognition-audio.oss-cn-shanghai-internal.aliyuncs.com/datasets/daily/cscrm/1751880460.3500912.wav,"['1759570710.17248040', '1760165072.509351', '1751880460.3500912', '1760841266.98200', '1762226077.3342263', '1752202118.5926400', '1741335581.64732540', '1760857571.381206']"
1762225073.3314353,1753669080.3570785,https://speaker-recognition-audio.oss-cn-shanghai-internal.aliyuncs.com/datasets/daily/cscrm/1753669080.3570785.wav,"['1755220796.15383243', '1760523471.1152191', '1761644799.8665594', '1761803198.10203072', '1753669080.3570785']"
1762223144.3256773,1740471094.59520459,https://speaker-recognition-audio.oss-cn-shanghai-internal.aliyuncs.com/datasets/daily/cscrm/1740471094.59520459.wav,"['1740471094.59520459', '1762223144.3256773', '1742202956.69173945', '1754030842.6186007', '1757322711.670480', '1758161600.4697088', '1749029660.30919630']"
1762222973.3251261,1748573528.28403692,https://speaker-recognition-audio.oss-cn-shanghai-internal.aliyuncs.com/datasets/daily/cscrm/1748573528.28403692.wav,"['1760430736.3260451', '1757579042.2868784', '1756436040.928280', '1753786924.4736668', '1748573528.28403692', '1744793568.6431197', '1761554430.7604235', '1757400543.1244022', '1762222973.3251261', '1755684341.19412665', '1755253338.15972007', '1761809199.10340955', '1761813056.10433284', '1758880468.11407536', '1760585537.1590146']"
1762220847.3192029,1760258810.1500224,https://speaker-recognition-audio.oss-cn-shanghai-internal.aliyuncs.com/datasets/daily/cscrm/1760258810.1500224.wav,"['1760258810.1500224', '1754641072.10967128', '1752481518.8046728', '1737015814.43874216', '1762220847.3192029', '1741432973.65222257', '1741247906.64210039', '1761474169.6839441', '1736229421.39079774', '1759743390.18594541', '1758089125.4156153', '1744954307.7278714', '1755073964.14357016', '1752477058.7959379', '1742698084.72147438']"
1762219347.3151392,1760865730.529967,https://speaker-recognition-audio.oss-cn-shanghai-internal.aliyuncs.com/datasets/daily/cscrm/1760865730.529967.wav,"['1759217973.14455304', '1761382617.6058961', '1761033188.2337129', '1760865730.529967', '1761881459.232661', '1762219347.3151392', '1760089998.22029262']"
1762167010.3007810,1761997541.1495298,https://speaker-recognition-audio.oss-cn-shanghai-internal.aliyuncs.com/datasets/daily/cscrm/1761997541.1495298.wav,"['1761997541.1495298', '1761389993.6172545', '1762167010.3007810', '1761477786.6872931']"
1762165677.2986493,1756024117.21957711,https://speaker-recognition-audio.oss-cn-shanghai-internal.aliyuncs.com/datasets/daily/cscrm/1756024117.21957711.wav,"['1756024117.21957711', '1748252891.26490389', '1759222674.14556831', '1750383906.3755783', '1750406387.4123220', '1749540532.34302052', '1752459217.7662586', '1762165677.2986493', '1753778367.4629847']"
1762162587.2927712,1762162587.2927712,https://speaker-recognition-audio.oss-cn-shanghai-internal.aliyuncs.com/datasets/daily/cscrm/1762162587.2927712.wav,"['1761383237.6069890', '1754049034.6425144', '1762162587.2927712', '1755755782.19865278', '1745147623.8277610', '1757491023.2096536', '1753340533.1399228', '1747721771.22964211', '1745039725.7716872', '1750301702.3185760', '1761888439.329368', '1759806718.18896432', '1758269617.5924077', '1757154048.6184797', '1750401335.4033734', '1752146299.5667016', '1756092847.22321801', '1745830879.12197842', '1761726603.9512866', '1754385869.8724349']"
1762162002.2914359,1742542531.71379345,https://speaker-recognition-audio.oss-cn-shanghai-internal.aliyuncs.com/datasets/daily/cscrm/1742542531.71379345.wav,"['1742542531.71379345', '1757762883.1354565', '1760612213.2198139', '1762162002.2914359', '1757328070.758985', '1736238033.39201588', '1753871973.5291764', '1760946978.1328693', '1747896716.24268245', '1749459259.33746844', '1748240194.26297182', '1746603699.16062883']"
1762160023.2866598,1761200242.4111497,https://speaker-recognition-audio.oss-cn-shanghai-internal.aliyuncs.com/datasets/daily/cscrm/1761200242.4111497.wav,"['1761200242.4111497', '1761639220.8517210', '1756451679.1149307', '1758521487.7864611', '1761201323.4137598', '1762160023.2866598']"
1762160091.2869371,1752310363.6898653,https://speaker-recognition-audio.oss-cn-shanghai-internal.aliyuncs.com/datasets/daily/cscrm/1752310363.6898653.wav,"['1747882211.24072763', '1745569960.10742012', '1752310363.6898653', '1749779203.35937252', '1755065403.14198472', '1751678587.1956469', '1747619343.22090140', '1746757407.16925681', '1751356446.10417301', '1744770714.6132586', '1754211440.7395638', '1749609022.34675598', '1752838145.11067254', '1747384581.20981594', '1744773540.6188326', '1743404430.75796323', '1745569512.10735672', '1747291976.20311718', '1740825062.61731910', '1744081349.2112934']"
1762159776.2859537,1756454918.1207262,https://speaker-recognition-audio.oss-cn-shanghai-internal.aliyuncs.com/datasets/daily/cscrm/1756454918.1207262.wav,"['1758350957.6532692', '1757385478.985072', '1756114360.22683958', '1758612509.8771178', '1758091302.4200015', '1756454918.1207262', '1756087657.22204779', '1756890597.4094781', '1758593286.8408759', '1758963879.12072731', '1758425128.7025397', '1759128429.13579559', '1756372094.579808', '1756272941.23775944', '1758431352.7095543', '1756282809.23950477', '1758276798.6061136', '1756365229.441748', '1757488645.2040854', '1761111246.3097203']"
1762159425.2850989,1756272588.23771683,https://speaker-recognition-audio.oss-cn-shanghai-internal.aliyuncs.com/datasets/daily/cscrm/1756272588.23771683.wav,"['1752131669.5426132', '1752221857.6266475', '1756949743.4268922', '1760333400.2087433', '1757575793.2804738', '1761277457.4878488', '1756272588.23771683', '1752803853.10487790', '1754019065.6050067', '1753147325.13007300', '1755135469.14652528', '1754011211.5919183', '1754982775.13552194', '1754298343.8041876', '1752202898.5945393', '1755223833.15462171', '1753083117.12686184', '1756461327.1312320', '1756282404.23942970', '1761371191.5838437']"
1762158696.2830495,1757497517.2225804,https://speaker-recognition-audio.oss-cn-shanghai-internal.aliyuncs.com/datasets/daily/cscrm/1757497517.2225804.wav,"['1741341261.64799326', '1758776594.10193804', '1750232412.2802008', '1754294792.7978536', '1753080589.12634616', '1758269457.5920092', '1752636504.9165040', '1755483545.17362391', '1758426352.7048632', '1754116452.6744281', '1757905713.2225925', '1757497517.2225804', '1753932537.5507960', '1757928634.2658156', '1756287210.24024996', '1746866448.17725322', '1748921702.30061347', '1754384556.8701136', '1752816463.10709971', '1754996651.13793145']"
1762158339.2821267,1757497517.2225804,https://speaker-recognition-audio.oss-cn-shanghai-internal.aliyuncs.com/datasets/daily/cscrm/1757497517.2225804.wav,"['1741341261.64799326', '1758776594.10193804', '1750232412.2802008', '1754294792.7978536', '1753080589.12634616', '1758269457.5920092', '1752636504.9165040', '1755483545.17362391', '1758426352.7048632', '1754116452.6744281', '1757905713.2225925', '1757497517.2225804', '1753932537.5507960', '1757928634.2658156', '1756287210.24024996', '1746866448.17725322', '1748921702.30061347', '1754384556.8701136', '1752816463.10709971', '1754996651.13793145']"
1762157433.2796886,1761267735.4608529,https://speaker-recognition-audio.oss-cn-shanghai-internal.aliyuncs.com/datasets/daily/cscrm/1761267735.4608529.wav,"['1761267735.4608529', '1757575279.2793817', '1755842042.20590171', '1758022230.3722297', '1753697398.4062015', '1758632184.9062774', '1762157433.2796886', '1755587106.18441390']"
1762157039.2785586,1736131032.38330623,https://speaker-recognition-audio.oss-cn-shanghai-internal.aliyuncs.com/datasets/daily/cscrm/1736131032.38330623.wav,"['1736131032.38330623', '1751962833.4112271', '1756262924.23642332', '1761039927.2511382', '1761704789.9006705', '1758680313.9204277']"
1762155231.2737395,1761547232.7416753,https://speaker-recognition-audio.oss-cn-shanghai-internal.aliyuncs.com/datasets/daily/cscrm/1761547232.7416753.wav,"['1761547232.7416753', '1761794901.10064726', '1761804942.10240165', '1761358444.5617914', '1762155231.2737395', '1761191725.3960466', '1761729195.9573370', '1760493921.388435']"
1762154473.2716753,1761293269.5209727,https://speaker-recognition-audio.oss-cn-shanghai-internal.aliyuncs.com/datasets/daily/cscrm/1761293269.5209727.wav,"['1752217479.6180501', '1761475033.6849205', '1759905469.19862702', '1760089909.22027253', '1755930021.21273881', '1760427148.3175137', '1761293269.5209727', '1760512332.864718', '1759145790.13897079', '1744452906.4442973', '1741865994.67499700', '1743312430.75396120', '1750318998.3435089', '1742460882.70838521', '1742018232.68195593', '1760165428.518166', '1742364090.70081719', '1760425346.3131023', '1761650077.8753934', '1761471755.6805504']"
1762154052.2704711,1758616730.8864920,https://speaker-recognition-audio.oss-cn-shanghai-internal.aliyuncs.com/datasets/daily/cscrm/1758616730.8864920.wav,"['1758616730.8864920', '1759827722.19276247', '1761374934.5909508', '1761364174.5747592', '1761129736.3522582', '1760924214.755012', '1759136075.13742773', '1761794255.10049591', '1761709650.9136442', '1739415858.54043896', '1760781631.3872942']"
1762153972.2702548,1761559645.7727867,https://speaker-recognition-audio.oss-cn-shanghai-internal.aliyuncs.com/datasets/daily/cscrm/1761559645.7727867.wav,"['1761559645.7727867', '1760432021.1438', '1758852178.10819154', '1759210104.14297118', '1758765965.9983741']"
1762153497.2691306,1758514052.7748240,https://speaker-recognition-audio.oss-cn-shanghai-internal.aliyuncs.com/datasets/daily/cscrm/1758514052.7748240.wav,"['1758514052.7748240', '1753698091.4072371', '1748401026.27286247', '1762153497.2691306']"
1762152949.2679393,1751854079.3054093,https://speaker-recognition-audio.oss-cn-shanghai-internal.aliyuncs.com/datasets/daily/cscrm/1751854079.3054093.wav,"['1758334386.6280568', '1758787839.10433413', '1762152949.2679393', '1752574114.8858093', '1754276270.7691945', '1751854079.3054093', '1753440037.2311153', '1752719508.9796298', '1755594070.18584601', '1754621895.10652153', '1754296924.8018171', '1753870009.5270826', '1756954865.4386558', '1752655856.9474262', '1753338539.1364529', '1753346419.1514768', '1754301791.8097142', '1753414543.1916558', '1757915493.2378949', '1755574930.18252088']"
1762153155.2684387,1761733649.9672062,https://speaker-recognition-audio.oss-cn-shanghai-internal.aliyuncs.com/datasets/daily/cscrm/1761733649.9672062.wav,"['1761808950.10335012', '1761819476.10569905', '1761469805.6776389', '1761979734.1174052', '1759393590.15841393', '1761646770.8704450', '1759562090.17091124', '1759395246.15868161', '1759387416.15731763', '1760084575.21891367', '1761733649.9672062', '1761217699.4499404', '1760240349.1182921']"
1762152700.2673835,1761889178.341238,https://speaker-recognition-audio.oss-cn-shanghai-internal.aliyuncs.com/datasets/daily/cscrm/1761889178.341238.wav,"['1761030989.2267491', '1760671128.2555261', '1760945043.1272365', '1761023635.2085908', '1761720364.9350818', '1761808269.10317972', '1761037398.2450391', '1761814601.10468653', '1761631383.8312462', '1761889178.341238', '1761965939.927391', '1761355853.5558008', '1761906278.667393', '1761796351.10096780', '1761099134.2825791', '1761963032.861921', '1761791480.9982269', '1761104908.2993393', '1761723902.9442643', '1761893156.415131']"
1762152067.2659514,1752049448.4815159,https://speaker-recognition-audio.oss-cn-shanghai-internal.aliyuncs.com/datasets/daily/cscrm/1752049448.4815159.wav,"['1752049448.4815159', '1749545027.34380005', '1760939176.1123308', '1750491999.4689849', '1762152067.2659514']"
1762151231.2641201,1762151231.2641201,https://speaker-recognition-audio.oss-cn-shanghai-internal.aliyuncs.com/datasets/daily/cscrm/1762151231.2641201.wav,"['1758797165.10621366', '1761961127.822768', '1758349958.6516721', '1757384790.967373', '1758620022.8929711', '1761204932.4226259', '1758858061.10981092', '1759646580.17758775', '1759030507.12519908', '1757662104.465479', '1760956328.1557156', '1762151231.2641201', '1760437213.125070']"
1762150701.2629413,1749705411.35491630,https://speaker-recognition-audio.oss-cn-shanghai-internal.aliyuncs.com/datasets/daily/cscrm/1749705411.35491630.wav,"['1751707430.2350444', '1753091514.12851381', '1749705411.35491630', '1756287987.24036857', '1751512446.809109', '1750734814.6217542', '1751531452.1083584', '1745305355.9115568', '1752917635.11598631', '1756193119.23203184', '1747883900.24104722', '1750411280.4210085', '1756359085.338644', '1752816097.10705469', '1757490215.2078502', '1751509587.750781', '1744009198.1775232', '1752730005.9972659', '1757056833.5346801', '1754814014.12201335']"
1762150175.2619200,1760926313.817880,https://speaker-recognition-audio.oss-cn-shanghai-internal.aliyuncs.com/datasets/daily/cscrm/1760926313.817880.wav,"['1739410934.53964970', '1740734183.61190590', '1760926313.817880', '1751867917.3274084', '1758004773.3350063', '1740289794.58445386', '1739936526.56623065', '1754897004.12821933', '1759995423.20839577', '1746324039.14481010', '1755937673.21392488', '1762150175.2619200', '1759023954.12330853', '1761532702.7109155', '1759227932.14644374']"
1762149664.2608249,1755589739.18495830,https://speaker-recognition-audio.oss-cn-shanghai-internal.aliyuncs.com/datasets/daily/cscrm/1755589739.18495830.wav,"['1742700530.72175219', '1754452411.9094729', '1749896554.530205', '1754989047.13680036', '1757931687.2719701', '1749014846.30697342', '1755589739.18495830', '1753266181.922576', '1757296652.172273', '1751707181.2346767', '1759908070.19919097', '1757058494.5381982', '1748331662.26922560', '1757479140.1878388', '1751273734.9896685', '1742112829.68655170', '1754555358.10200764', '1756108215.22561451', '1755752754.19819836']"
1762148835.2590563,1762079043.2101211,https://speaker-recognition-audio.oss-cn-shanghai-internal.aliyuncs.com/datasets/daily/cscrm/1762079043.2101211.wav,"['1761719659.9334210', '1761444934.6361225', '1762079043.2101211', '1761124570.3427506', '1747191196.19546172', '1761879767.193542', '1758876924.11338254', '1755769897.20141419', '1757741841.1049639', '1760601503.1936261', '1757328156.760050', '1761288288.5086660', '1761544677.7358109', '1758692816.9436759', '1762148835.2590563']"
1762146625.2548114,1760089909.22027253,https://speaker-recognition-audio.oss-cn-shanghai-internal.aliyuncs.com/datasets/daily/cscrm/1760089909.22027253.wav,"['1752217479.6180501', '1759905469.19862702', '1760089909.22027253', '1757320649.630927', '1755930021.21273881', '1760063721.21401137', '1760427148.3175137', '1742520190.71030732', '1760512332.864718', '1759145790.13897079', '1744452906.4442973', '1741865994.67499700', '1743312430.75396120', '1750318998.3435089', '1742460882.70838521', '1742018232.68195593', '1760165428.518166', '1742364090.70081719', '1760425346.3131023']"
1762140790.2451356,1758853924.10872838,https://speaker-recognition-audio.oss-cn-shanghai-internal.aliyuncs.com/datasets/daily/cscrm/1758853924.10872838.wav,"['1758853924.10872838', '1757398489.1203951', '1762140790.2451356', '1741257850.64328188', '1760590317.1678910', '1757819475.1562191']"
1762140809.2451813,1762140809.2451813,https://speaker-recognition-audio.oss-cn-shanghai-internal.aliyuncs.com/datasets/daily/cscrm/1762140809.2451813.wav,"['1745465824.10016728', '1759459538.16184481', '1758865961.11092335', '1762140809.2451813', '1761649686.8748762', '1744679458.5486873', '1743328161.75523626']"
1762140171.2435962,1759630864.17497525,https://speaker-recognition-audio.oss-cn-shanghai-internal.aliyuncs.com/datasets/daily/cscrm/1759630864.17497525.wav,"['1759630864.17497525', '1754308675.8164738', '1751426018.177314', '1762140171.2435962']"
1762140260.2438390,1754619852.10607036,https://speaker-recognition-audio.oss-cn-shanghai-internal.aliyuncs.com/datasets/daily/cscrm/1754619852.10607036.wav,"['1754619852.10607036', '1760876507.649693', '1754829477.12345300', '1753603217.3277237', '1760757694.3445236', '1762140260.2438390', '1758432764.7113689', '1757729293.859938', '1754650919.11125973', '1755420838.17094967', '1758334585.6285060', '1757232564.6637163', '1755333229.16501563', '1756971902.4660740', '1755334659.16521988', '1752998739.12059242', '1761048765.2649938']"
1762138923.2403254,1760323959.1905468,https://speaker-recognition-audio.oss-cn-shanghai-internal.aliyuncs.com/datasets/daily/cscrm/1760323959.1905468.wav,"['1757485175.1970511', '1748950598.30418931', '1741768037.66902233', '1760323959.1905468', '1761817343.10525634', '1762138923.2403254', '1761461348.6627649']"
1762138847.2401193,1761631383.8312462,https://speaker-recognition-audio.oss-cn-shanghai-internal.aliyuncs.com/datasets/daily/cscrm/1761631383.8312462.wav,"['1761631383.8312462', '1761893156.415131', '1761791480.9982269', '1760945043.1272365', '1761023635.2085908', '1762138847.2401193', '1761963032.861921', '1761037398.2450391']"
1762137005.2351710,1762137005.2351710,https://speaker-recognition-audio.oss-cn-shanghai-internal.aliyuncs.com/datasets/daily/cscrm/1762137005.2351710.wav,"['1762137005.2351710', '1761628948.8262062', '1761536073.7206843', '1761300802.5370571']"
1762136174.2328545,1761267735.4608529,https://speaker-recognition-audio.oss-cn-shanghai-internal.aliyuncs.com/datasets/daily/cscrm/1761267735.4608529.wav,"['1761267735.4608529', '1757575279.2793817', '1755842042.20590171', '1758022230.3722297', '1753697398.4062015', '1758632184.9062774', '1762136174.2328545', '1755587106.18441390']"
1762135890.2319875,1756372094.579808,https://speaker-recognition-audio.oss-cn-shanghai-internal.aliyuncs.com/datasets/daily/cscrm/1756372094.579808.wav,"['1758350957.6532692', '1757385478.985072', '1756114360.22683958', '1758612509.8771178', '1757059785.5407761', '1758245937.5445667', '1760873520.624696', '1758091302.4200015', '1756454918.1207262', '1756087657.22204779', '1756890597.4094781', '1758963879.12072731', '1756372094.579808', '1756272941.23775944', '1758431352.7095543', '1760941101.1167378', '1756282809.23950477', '1758276798.6061136', '1756365229.441748', '1757488645.2040854']"
1762135114.2299191,1762135114.2299191,https://speaker-recognition-audio.oss-cn-shanghai-internal.aliyuncs.com/datasets/daily/cscrm/1762135114.2299191.wav,"['1761962621.852742', '1760409875.2811820', '1760509921.802991', '1762135114.2299191', '1761038755.2482929']"
1762134178.2273338,1757759449.1322774,https://speaker-recognition-audio.oss-cn-shanghai-internal.aliyuncs.com/datasets/daily/cscrm/1757759449.1322774.wav,"['1757759449.1322774', '1757217062.6454557', '1762134178.2273338', '1755221364.15398401', '1759321393.15336393', '1746670659.16343693']"
1762134276.2276008,1757322873.673903,https://speaker-recognition-audio.oss-cn-shanghai-internal.aliyuncs.com/datasets/daily/cscrm/1757322873.673903.wav,"['1757322873.673903', '1759212705.14344229', '1758271906.5971437', '1757999160.3232826', '1760412362.2878474', '1760341671.2278237', '1746070589.13460798', '1760942899.1214897', '1758178550.5007479', '1759198768.14085246']"
1762133773.2262520,1759373192.15517583,https://speaker-recognition-audio.oss-cn-shanghai-internal.aliyuncs.com/datasets/daily/cscrm/1759373192.15517583.wav,"['1759373192.15517583', '1758703867.9667106', '1758871178.11206195', '1762133773.2262520']"
1762132428.2223592,1762132428.2223592,https://speaker-recognition-audio.oss-cn-shanghai-internal.aliyuncs.com/datasets/daily/cscrm/1762132428.2223592.wav,"['1762132428.2223592', '1739858349.56237476', '1737338697.45261799', '1757483953.1945266', '1736301903.39441931']"
1762084284.2149955,1760185388.908278,https://speaker-recognition-audio.oss-cn-shanghai-internal.aliyuncs.com/datasets/daily/cscrm/1760185388.908278.wav,"['1760185388.908278', '1760851038.271397', '1759044807.12789927', '1757497363.2223076', '1759036296.12611369', '1752055358.4911108', '1756964282.4517369', '1757481000.1897432', '1757932089.2728479', '1758010380.3491423', '1757489918.2071996', '1759555012.16971153', '1757404282.1319997', '1758698954.9557644', '1759049630.12900787', '1757734619.968316', '1758103738.4456719', '1757739905.1024624', '1759740537.18553867', '1758333579.6263450']"
1762079693.2107831,1745569960.10742012,https://speaker-recognition-audio.oss-cn-shanghai-internal.aliyuncs.com/datasets/daily/cscrm/1745569960.10742012.wav,"['1747882211.24072763', '1762079693.2107831', '1745569960.10742012', '1749779203.35937252', '1755065403.14198472', '1751678587.1956469', '1747619343.22090140', '1746757407.16925681', '1751356446.10417301', '1744770714.6132586', '1754211440.7395638', '1749609022.34675598', '1752838145.11067254', '1747384581.20981594', '1744773540.6188326', '1743404430.75796323', '1745569512.10735672', '1747291976.20311718', '1740825062.61731910', '1744081349.2112934']"
1762079043.2101211,1761444934.6361225,https://speaker-recognition-audio.oss-cn-shanghai-internal.aliyuncs.com/datasets/daily/cscrm/1761444934.6361225.wav,"['1761444934.6361225', '1762079043.2101211', '1761124570.3427506', '1747191196.19546172', '1761879767.193542', '1758876924.11338254', '1755769897.20141419', '1757741841.1049639', '1761630654.8296232', '1760601503.1936261', '1757328156.760050', '1761288288.5086660', '1758692816.9436759']"
1762077347.2080993,1762077347.2080993,https://speaker-recognition-audio.oss-cn-shanghai-internal.aliyuncs.com/datasets/daily/cscrm/1762077347.2080993.wav,"['1762077347.2080993', '1761377709.5965710', '1761358740.5625225', '1761813976.10454122', '1758363481.6743548']"
1762074900.2046777,1754619852.10607036,https://speaker-recognition-audio.oss-cn-shanghai-internal.aliyuncs.com/datasets/daily/cscrm/1754619852.10607036.wav,"['1754619852.10607036', '1760876507.649693', '1754829477.12345300', '1753603217.3277237', '1760757694.3445236', '1754650919.11125973', '1758432764.7113689', '1757729293.859938', '1755420838.17094967', '1758334585.6285060', '1757232564.6637163', '1755333229.16501563', '1756971902.4660740', '1755334659.16521988', '1762074900.2046777', '1752998739.12059242', '1761048765.2649938']"
1762072801.2014924,1760508479.768893,https://speaker-recognition-audio.oss-cn-shanghai-internal.aliyuncs.com/datasets/daily/cscrm/1760508479.768893.wav,"['1760508479.768893', '1760863217.488342', '1759023568.12320615', '1760078059.21714168', '1754035190.6257061', '1757039264.5048505', '1756956085.4412484', '1760426712.3163860', '1754896086.12802907', '1753091339.12848582', '1756104942.22495217', '1758010015.3482606', '1755585930.18418691', '1757835560.1770196', '1754375066.8528346', '1755059320.14120275', '1753323734.1137306', '1753778883.4637712', '1754982730.13551157', '1756804936.3491269']"
1762069834.1965222,1760755395.3392515,https://speaker-recognition-audio.oss-cn-shanghai-internal.aliyuncs.com/datasets/daily/cscrm/1760755395.3392515.wav,"['1760755395.3392515', '1761741127.9779208', '1762069834.1965222', '1760078206.21718084', '1761801540.10172642', '1760596876.1806003']"
1762067820.1929156,1760776855.3791344,https://speaker-recognition-audio.oss-cn-shanghai-internal.aliyuncs.com/datasets/daily/cscrm/1760776855.3791344.wav,"['1751008250.8177239', '1760955963.1550495', '1745723086.11400312', '1760776855.3791344', '1760596208.1789554', '1747130373.19333033', '1746945243.18068167', '1760170038.633150', '1748858683.29827831', '1756436333.934301', '1758509919.7656292', '1756201087.23356391', '1758335813.6312763', '1756458114.1260699', '1749350622.32831697', '1761025228.2116907', '1751943371.3795024', '1760345872.2380257', '1760605263.2051272', '1762067820.1929156']"
1762066217.1900337,1745402288.9782535,https://speaker-recognition-audio.oss-cn-shanghai-internal.aliyuncs.com/datasets/daily/cscrm/1745402288.9782535.wav,"['1745543270.10383608', '1741235555.64057439', '1739697620.55483841', '1747110841.19063580', '1757933372.2750816', '1740639377.60475975', '1741249674.64234071', '1741743328.66589642', '1745402288.9782535', '1745560410.10605139', '1741858478.67431532', '1736847468.42834151', '1737883192.48038592', '1758518696.7809782', '1741672460.66285400', '1741173372.63833669', '1739696539.55472880', '1739416955.54060037', '1743997087.1643682', '1740452531.59275347']"
1762065997.1896885,1760007842.21123132,https://speaker-recognition-audio.oss-cn-shanghai-internal.aliyuncs.com/datasets/daily/cscrm/1760007842.21123132.wav,"['1742551140.71518653', '1737797386.47699556', '1752831378.10973831', '1760773373.3719231', '1753758847.4344997', '1748591661.28619958', '1760007842.21123132', '1748163066.25906015', '1745894816.12457422', '1754098321.6503900', '1741757546.66765566', '1756719538.2835748', '1741669773.66258702', '1760161432.426580', '1741506768.65466340', '1754707112.11332078', '1759478319.16467963', '1753520156.2788923', '1753327338.1215598', '1753163230.13275741']"
1762065054.1880233,1761808948.10334967,https://speaker-recognition-audio.oss-cn-shanghai-internal.aliyuncs.com/datasets/daily/cscrm/1761808948.10334967.wav,"['1759212715.14344468', '1760266682.1619760', '1761808948.10334967', '1758695725.9491377', '1748511625.28208891', '1755856263.20852333', '1759993045.20774598', '1760858220.392600', '1759026224.12399155', '1746669916.16331298', '1741404491.64982668', '1762065054.1880233']"
1762064386.1869640,1757154048.6184797,https://speaker-recognition-audio.oss-cn-shanghai-internal.aliyuncs.com/datasets/daily/cscrm/1757154048.6184797.wav,"['1752667724.9627102', '1754049034.6425144', '1758269617.5924077', '1746525650.15658004', '1750301702.3185760', '1755672161.19168782', '1757154048.6184797', '1755755782.19865278', '1750401335.4033734', '1745147623.8277610', '1752146299.5667016', '1757491023.2096536', '1745830879.12197842', '1756092847.22321801', '1747721771.22964211', '1755333176.16500893', '1754385869.8724349', '1745039725.7716872']"
1762060905.1817703,1753852496.5015311,https://speaker-recognition-audio.oss-cn-shanghai-internal.aliyuncs.com/datasets/daily/cscrm/1753852496.5015311.wav,"['1753852496.5015311', '1755844273.20628640', '1758015460.3608955', '1757483579.1938828', '1758188684.5229817', '1755259051.16031096', '1758012326.3538491', '1758865047.11076005', '1755769011.20125421', '1754560315.10314535', '1760870599.594738', '1762060905.1817703']"
1762060226.1808959,1760432021.1438,https://speaker-recognition-audio.oss-cn-shanghai-internal.aliyuncs.com/datasets/daily/cscrm/1760432021.1438.wav,"['1760432021.1438', '1758852178.10819154', '1762060226.1808959', '1759210104.14297118', '1758765965.9983741']"
1762053902.1732491,1736159426.38719506,https://speaker-recognition-audio.oss-cn-shanghai-internal.aliyuncs.com/datasets/daily/cscrm/1736159426.38719506.wav,"['1740395862.59103638', '1740034486.57216737', '1738997981.51771985', '1746780522.17242911', '1760599425.1871727', '1736149824.38580092', '1760669026.2495092', '1748338317.27020365', '1744105721.2414733', '1737011156.43810991', '1736159426.38719506', '1749641617.35178907', '1737091435.44178760', '1742716003.72299589', '1742898053.73394847', '1760947524.1342137', '1745991364.13082125', '1739958809.56875460', '1744017566.1891818', '1741587056.65812482']"
1762052946.1713307,1747809601.23629072,https://speaker-recognition-audio.oss-cn-shanghai-internal.aliyuncs.com/datasets/daily/cscrm/1747809601.23629072.wav,"['1757657196.372220', '1747809601.23629072', '1741946177.67937294', '1762052946.1713307', '1755074297.14364210', '1754285351.7813468', '1742009885.68135203', '1752631225.9052867', '1743911908.1252632', '1758174821.4933297', '1748497495.28006756', '1748246514.26400073', '1749888759.425854', '1755162676.15177187', '1752225296.6327535', '1749955554.726024', '1744266366.3278948']"
1762053084.1716172,1762053084.1716172,https://speaker-recognition-audio.oss-cn-shanghai-internal.aliyuncs.com/datasets/daily/cscrm/1762053084.1716172.wav,"['1762053084.1716172', '1757050589.5233050', '1760169879.629373', '1749627118.34951671', '1751165978.9144823']"
1762050769.1669615,1760508479.768893,https://speaker-recognition-audio.oss-cn-shanghai-internal.aliyuncs.com/datasets/daily/cscrm/1760508479.768893.wav,"['1760508479.768893', '1760863217.488342', '1759023568.12320615', '1760078059.21714168', '1754035190.6257061', '1757039264.5048505', '1756956085.4412484', '1760426712.3163860', '1754896086.12802907', '1753091339.12848582', '1756104942.22495217', '1758010015.3482606', '1755585930.18418691', '1757835560.1770196', '1754375066.8528346', '1755059320.14120275', '1753323734.1137306', '1753778883.4637712', '1754982730.13551157', '1756804936.3491269']"
1762048567.1619714,1756454918.1207262,https://speaker-recognition-audio.oss-cn-shanghai-internal.aliyuncs.com/datasets/daily/cscrm/1756454918.1207262.wav,"['1758350957.6532692', '1757385478.985072', '1756114360.22683958', '1758612509.8771178', '1757059785.5407761', '1758245937.5445667', '1760873520.624696', '1758091302.4200015', '1756454918.1207262', '1756087657.22204779', '1756890597.4094781', '1758963879.12072731', '1756372094.579808', '1756272941.23775944', '1758431352.7095543', '1756109845.22594889', '1756282809.23950477', '1758276798.6061136', '1756365229.441748', '1757488645.2040854']"
1762048642.1621500,1760089909.22027253,https://speaker-recognition-audio.oss-cn-shanghai-internal.aliyuncs.com/datasets/daily/cscrm/1760089909.22027253.wav,"['1752217479.6180501', '1759905469.19862702', '1760089909.22027253', '1757320649.630927', '1755930021.21273881', '1760063721.21401137', '1760427148.3175137', '1742520190.71030732', '1760512332.864718', '1759145790.13897079', '1744452906.4442973', '1741865994.67499700', '1743312430.75396120', '1750318998.3435089', '1742460882.70838521', '1742018232.68195593', '1760165428.518166', '1742364090.70081719', '1760425346.3131023']"
1762048363.1615294,1753758847.4344997,https://speaker-recognition-audio.oss-cn-shanghai-internal.aliyuncs.com/datasets/daily/cscrm/1753758847.4344997.wav,"['1742551140.71518653', '1737797386.47699556', '1752831378.10973831', '1760773373.3719231', '1753758847.4344997', '1748591661.28619958', '1760007842.21123132', '1748163066.25906015', '1745894816.12457422', '1754098321.6503900', '1741757546.66765566', '1756719538.2835748', '1741669773.66258702', '1760161432.426580', '1741506768.65466340', '1754707112.11332078', '1759478319.16467963', '1753520156.2788923', '1753327338.1215598', '1753163230.13275741']"
1762047005.1586027,1736393941.40118236,https://speaker-recognition-audio.oss-cn-shanghai-internal.aliyuncs.com/datasets/daily/cscrm/1736393941.40118236.wav,"['1736393941.40118236', '1740212198.58170596', '1736750236.42239383', '1738905287.51205191', '1735893185.37231223', '1760099537.22173421', '1739597731.54980668', '1740297418.58515194', '1740209373.58141967', '1736151214.38598530', '1735797819.36562227', '1738805424.50454886', '1736994181.43616083', '1739340357.53706417', '1758598321.8532148', '1739086561.52325134', '1738742832.50276879', '1737458211.46130745', '1737430514.45836533', '1737789998.47633028']"
1762042107.1528335,1744197170.2976985,https://speaker-recognition-audio.oss-cn-shanghai-internal.aliyuncs.com/datasets/daily/cscrm/1744197170.2976985.wav,"['1744197170.2976985', '1758074613.3893170', '1759308749.15198006', '1747359095.20604514', '1756543304.1779791', '1759551461.16935103', '1762042107.1528335', '1749432678.33236661']"
1761997567.1495561,1760185388.908278,https://speaker-recognition-audio.oss-cn-shanghai-internal.aliyuncs.com/datasets/daily/cscrm/1760185388.908278.wav,"['1760185388.908278', '1760851038.271397', '1759044807.12789927', '1757497363.2223076', '1759036296.12611369', '1752055358.4911108', '1756964282.4517369', '1757481000.1897432', '1757932089.2728479', '1758010380.3491423', '1757489918.2071996', '1759555012.16971153', '1757404282.1319997', '1758698954.9557644', '1759049630.12900787', '1757734619.968316', '1758103738.4456719', '1757739905.1024624', '1759740537.18553867', '1758333579.6263450']"
1761994537.1464685,1760345758.2377235,https://speaker-recognition-audio.oss-cn-shanghai-internal.aliyuncs.com/datasets/daily/cscrm/1760345758.2377235.wav,"['1760527160.1216004', '1741858305.67429487', '1760779666.3843404', '1760085636.21919509', '1760784593.3912986', '1743046571.74073963', '1760345758.2377235', '1743504221.76368342', '1749778929.35931746', '1749176897.31724255', '1753513026.2685151', '1760082903.21847486', '1741757234.66762487', '1744967606.7445468', '1760847113.230055', '1760510565.819905', '1742894566.73358542', '1761994537.1464685', '1749887391.408103']"
1761994570.1465034,1740034486.57216737,https://speaker-recognition-audio.oss-cn-shanghai-internal.aliyuncs.com/datasets/daily/cscrm/1740034486.57216737.wav,"['1740034486.57216737', '1738997981.51771985', '1746780522.17242911', '1760599425.1871727', '1736149824.38580092', '1760669026.2495092', '1748338317.27020365', '1744105721.2414733', '1737011156.43810991', '1736159426.38719506', '1749641617.35178907', '1737091435.44178760', '1742716003.72299589', '1742898053.73394847', '1760947524.1342137', '1745991364.13082125', '1739958809.56875460', '1744017566.1891818', '1741587056.65812482', '1740536562.59766304']"
1761993619.1454003,1745543270.10383608,https://speaker-recognition-audio.oss-cn-shanghai-internal.aliyuncs.com/datasets/daily/cscrm/1745543270.10383608.wav,"['1745543270.10383608', '1741235555.64057439', '1739697620.55483841', '1747110841.19063580', '1757933372.2750816', '1740639377.60475975', '1741249674.64234071', '1741743328.66589642', '1761993619.1454003', '1745402288.9782535', '1745560410.10605139', '1741858478.67431532', '1736847468.42834151', '1737883192.48038592', '1758518696.7809782', '1741672460.66285400', '1739696539.55472880', '1739416955.54060037', '1743997087.1643682', '1740452531.59275347']"
1761992822.1444641,1755770060.20144238,https://speaker-recognition-audio.oss-cn-shanghai-internal.aliyuncs.com/datasets/daily/cscrm/1755770060.20144238.wav,"['1755770060.20144238', '1759057477.13042837', '1756022343.21931877', '1753079721.12617008', '1748506265.28136257', '1761992822.1444641']"
1761991117.1419431,1761991117.1419431,https://speaker-recognition-audio.oss-cn-shanghai-internal.aliyuncs.com/datasets/daily/cscrm/1761991117.1419431.wav,"['1754482003.9508643', '1761991117.1419431', '1754649932.11115365', '1755659044.18958514']"
1761987671.1355344,1761212495.4404023,https://speaker-recognition-audio.oss-cn-shanghai-internal.aliyuncs.com/datasets/daily/cscrm/1761212495.4404023.wav,"['1761212495.4404023', '1758783186.10324860', '1761987671.1355344', '1751101781.8895817', '1749549789.34454117']"
1761986043.1321614,1760755395.3392515,https://speaker-recognition-audio.oss-cn-shanghai-internal.aliyuncs.com/datasets/daily/cscrm/1760755395.3392515.wav,"['1761986043.1321614', '1760755395.3392515', '1760950283.1418742', '1761558378.7698476', '1760078206.21718084', '1761553522.7579412', '1760596876.1806003']"
1761985374.1305962,1760432021.1438,https://speaker-recognition-audio.oss-cn-shanghai-internal.aliyuncs.com/datasets/daily/cscrm/1760432021.1438.wav,"['1760432021.1438', '1758852178.10819154', '1761985374.1305962', '1759210104.14297118', '1758765965.9983741']"
1761983215.1252623,1755153072.14991423,https://speaker-recognition-audio.oss-cn-shanghai-internal.aliyuncs.com/datasets/daily/cscrm/1755153072.14991423.wav,"['1744700069.5762587', '1761983215.1252623', '1752130421.5404283', '1755153072.14991423', '1741664745.66217207', '1755075293.14384362', '1758179406.5024226', '1755065319.14196850', '1757139588.5958183', '1744688836.5638243', '1754710256.11391689', '1747189548.19515348', '1756349272.178022', '1744619684.5290184', '1754632100.10800566', '1752472898.7888177', '1754036946.6285094', '1754459836.9174461', '1747293927.20343097', '1756796441.3337050']"
1761983028.1248171,1749541391.34316896,https://speaker-recognition-audio.oss-cn-shanghai-internal.aliyuncs.com/datasets/daily/cscrm/1749541391.34316896.wav,"['1740375716.58860134', '1753844074.4912510', '1757571579.2722633', '1761983028.1248171', '1753853696.5030560', '1739859234.56246810', '1753871290.5285055', '1750495242.4744589', '1749803330.36328718', '1749541391.34316896', '1759137659.13775943', '1749021512.30788352', '1741588735.65832943', '1736144227.38498580', '1737688299.47101774', '1757489328.2057072']"
1761982656.1239578,1761619379.8069578,https://speaker-recognition-audio.oss-cn-shanghai-internal.aliyuncs.com/datasets/daily/cscrm/1761619379.8069578.wav,"['1761619379.8069578', '1761619776.8080905', '1741687316.66482009', '1761982656.1239578', '1761212963.4413421', '1747205069.19724650']"
1761983070.1249096,1753091514.12851381,https://speaker-recognition-audio.oss-cn-shanghai-internal.aliyuncs.com/datasets/daily/cscrm/1753091514.12851381.wav,"['1751707430.2350444', '1753091514.12851381', '1749705411.35491630', '1756287987.24036857', '1751512446.809109', '1750734814.6217542', '1745305355.9115568', '1752917635.11598631', '1756193119.23203184', '1747883900.24104722', '1750411280.4210085', '1756359085.338644', '1752816097.10705469', '1757490215.2078502', '1751509587.750781', '1744009198.1775232', '1751700128.2247372', '1752730005.9972659', '1757056833.5346801', '1754814014.12201335']"
1761982368.1232422,1737077790.44029355,https://speaker-recognition-audio.oss-cn-shanghai-internal.aliyuncs.com/datasets/daily/cscrm/1737077790.44029355.wav,"['1737077790.44029355', '1751853181.3035829', '1737512312.46228018', '1742468711.70946400', '1738744896.50301000', '1737082418.44092844', '1761982368.1232422', '1744434568.4232540', '1736497021.40827090', '1736756195.42321585', '1739003640.51844118', '1740388353.59034741']"
1761982613.1238408,1736393941.40118236,https://speaker-recognition-audio.oss-cn-shanghai-internal.aliyuncs.com/datasets/daily/cscrm/1736393941.40118236.wav,"['1736393941.40118236', '1740212198.58170596', '1736750236.42239383', '1738905287.51205191', '1735893185.37231223', '1760099537.22173421', '1739597731.54980668', '1740297418.58515194', '1740209373.58141967', '1736151214.38598530', '1735797819.36562227', '1738805424.50454886', '1736994181.43616083', '1739340357.53706417', '1758598321.8532148', '1739086561.52325134', '1738742832.50276879', '1737458211.46130745', '1737430514.45836533', '1737789998.47633028']"
1761981604.1214189,1753091514.12851381,https://speaker-recognition-audio.oss-cn-shanghai-internal.aliyuncs.com/datasets/daily/cscrm/1753091514.12851381.wav,"['1751707430.2350444', '1753091514.12851381', '1749705411.35491630', '1756287987.24036857', '1751512446.809109', '1750734814.6217542', '1745305355.9115568', '1752917635.11598631', '1756193119.23203184', '1747883900.24104722', '1750411280.4210085', '1756359085.338644', '1752816097.10705469', '1757490215.2078502', '1751509587.750781', '1744009198.1775232', '1751700128.2247372', '1752730005.9972659', '1757056833.5346801', '1754814014.12201335']"
1761980569.1191572,1758702538.9640459,https://speaker-recognition-audio.oss-cn-shanghai-internal.aliyuncs.com/datasets/daily/cscrm/1758702538.9640459.wav,"['1754042990.6371250', '1758702538.9640459', '1756879767.3917412', '1761037341.2449073', '1757643215.130071', '1754988052.13660589', '1761980569.1191572', '1759737944.18511549', '1755762078.19987544', '1755846062.20659436', '1761616932.7997874', '1753872408.5295885', '1753696047.4040067', '1754374369.8516042', '1761718895.9315641']"
1761979734.1174052,1761808950.10335012,https://speaker-recognition-audio.oss-cn-shanghai-internal.aliyuncs.com/datasets/daily/cscrm/1761808950.10335012.wav,"['1761808950.10335012', '1761819476.10569905', '1761979734.1174052', '1761648587.8733990']"
1761977610.1128323,1761977610.1128323,https://speaker-recognition-audio.oss-cn-shanghai-internal.aliyuncs.com/datasets/daily/cscrm/1761977610.1128323.wav,"['1760927949.871377', '1761977610.1128323', '1761363723.5739311', '1760680264.2726467', '1761789736.9931332']"
1761978537.1148143,1761978537.1148143,https://speaker-recognition-audio.oss-cn-shanghai-internal.aliyuncs.com/datasets/daily/cscrm/1761978537.1148143.wav,"['1761978537.1148143', '1756713783.2733367', '1758791644.10522091', '1758792655.10543167', '1750756172.6519477', '1744251935.3101743', '1761901038.575541', '1760429979.3244465', '1751253289.9629217']"
1761979129.1161334,1756284050.23972909,https://speaker-recognition-audio.oss-cn-shanghai-internal.aliyuncs.com/datasets/daily/cscrm/1756284050.23972909.wav,"['1756284050.23972909', '1761215545.4464502', '1760600544.1906686', '1754962146.13179082', '1758005733.3372905', '1755681084.19352917', '1750496430.4761238', '1761979129.1161334', '1760171051.659436', '1757216860.6452048']"
1761979408.1166936,1761030989.2267491,https://speaker-recognition-audio.oss-cn-shanghai-internal.aliyuncs.com/datasets/daily/cscrm/1761030989.2267491.wav,"['1761030989.2267491', '1760858189.392021', '1761979408.1166936', '1761473678.6833141']"
1761979231.1163362,1759818797.19091807,https://speaker-recognition-audio.oss-cn-shanghai-internal.aliyuncs.com/datasets/daily/cscrm/1759818797.19091807.wav,"['1759893101.19647324', '1759818797.19091807', '1761979231.1163362', '1760949243.1390463', '1761014533.1882522']"
1761978684.1151458,1761125289.3442118,https://speaker-recognition-audio.oss-cn-shanghai-internal.aliyuncs.com/datasets/daily/cscrm/1761125289.3442118.wav,"['1761125289.3442118', '1761978684.1151458', '1755507138.17811850', '1761546551.7400829']"
1761977551.1126925,1756893655.4140592,https://speaker-recognition-audio.oss-cn-shanghai-internal.aliyuncs.com/datasets/daily/cscrm/1756893655.4140592.wav,"['1756893655.4140592', '1749973434.932248', '1744963926.7397214', '1760862933.483483', '1742809606.72878706', '1760335305.2125251', '1748499196.28030399', '1755765918.20065606', '1754359514.8285034', '1756969918.4619893', '1745314037.9236935', '1747206535.19747565', '1758265104.5823636', '1751964138.4136206', '1745547105.10445721', '1758101946.4424645', '1756969388.4609636', '1756953567.4356851', '1736824406.42584080', '1750756927.6531846']"
1761977445.1124927,1747561619.21953468,https://speaker-recognition-audio.oss-cn-shanghai-internal.aliyuncs.com/datasets/daily/cscrm/1747561619.21953468.wav,"['1747561619.21953468', '1760091254.22054939', '1761464297.6682166', '1760520097.1071933', '1761977445.1124927', '1758707224.9732542', '1753511877.2669354']"
1761976765.1112682,1756362189.388202,https://speaker-recognition-audio.oss-cn-shanghai-internal.aliyuncs.com/datasets/daily/cscrm/1756362189.388202.wav,"['1741341261.64799326', '1758776594.10193804', '1750232412.2802008', '1756362189.388202', '1754294792.7978536', '1753080589.12634616', '1758269457.5920092', '1752636504.9165040', '1755483545.17362391', '1758426352.7048632', '1754116452.6744281', '1757905713.2225925', '1757497517.2225804', '1753932537.5507960', '1757928634.2658156', '1746866448.17725322', '1748921702.30061347', '1754384556.8701136', '1752816463.10709971', '1754996651.13793145']"
1761976405.1105941,1761976405.1105941,https://speaker-recognition-audio.oss-cn-shanghai-internal.aliyuncs.com/datasets/daily/cscrm/1761976405.1105941.wav,"['1761976405.1105941', '1747035701.18633988', '1744106532.2429564', '1753684519.3820891', '1743397993.75734815', '1755942476.21461867']"
1761976508.1108036,1755672161.19168782,https://speaker-recognition-audio.oss-cn-shanghai-internal.aliyuncs.com/datasets/daily/cscrm/1755672161.19168782.wav,"['1752667724.9627102', '1754049034.6425144', '1758269617.5924077', '1746525650.15658004', '1750301702.3185760', '1755672161.19168782', '1757154048.6184797', '1755755782.19865278', '1750401335.4033734', '1745147623.8277610', '1752146299.5667016', '1757491023.2096536', '1745830879.12197842', '1756092847.22321801', '1747721771.22964211', '1755333176.16500893', '1754385869.8724349', '1745039725.7716872']"
1761968507.985200,1752809283.10612336,https://speaker-recognition-audio.oss-cn-shanghai-internal.aliyuncs.com/datasets/daily/cscrm/1752809283.10612336.wav,"['1752809283.10612336', '1745907920.12615019', '1758276975.6063763', '1761968507.985200']"
1761965939.927391,1761631383.8312462,https://speaker-recognition-audio.oss-cn-shanghai-internal.aliyuncs.com/datasets/daily/cscrm/1761631383.8312462.wav,"['1761631383.8312462', '1761791480.9982269', '1761965939.927391', '1761355853.5558008', '1761723902.9442643', '1761643288.8626509']"
1761965109.908759,1741079853.63274394,https://speaker-recognition-audio.oss-cn-shanghai-internal.aliyuncs.com/datasets/daily/cscrm/1741079853.63274394.wav,"['1746581907.15770471', '1757918243.2429880', '1742354886.69985588', '1757060783.5427743', '1757900084.2080552', '1758872911.11248066', '1741079853.63274394', '1758178051.4997773', '1758782064.10299424', '1757575074.2789356', '1757568607.2669678', '1736152093.38611638', '1760338554.2198353', '1761037183.2445504', '1740650810.60634699', '1743840105.1022900', '1742787615.72612405', '1737018239.43903547', '1743842799.1046425']"
1761964752.899781,1757411953.1471201,https://speaker-recognition-audio.oss-cn-shanghai-internal.aliyuncs.com/datasets/daily/cscrm/1757411953.1471201.wav,"['1757411953.1471201', '1751338436.10172140', '1756965977.4546442', '1756433911.880765', '1758103231.4448207', '1751348906.10303087', '1758866945.11111088', '1750648836.5587187', '1758704757.9684015', '1760517774.1015885', '1758615893.8848631', '1750842240.7129145', '1753179359.218876', '1759991259.20730061', '1758192698.5288113', '1750829657.6935848', '1757317413.560292', '1753857067.5075407', '1760321495.1830678', '1752133509.5462988']"
1761963315.868059,1761818127.10542554,https://speaker-recognition-audio.oss-cn-shanghai-internal.aliyuncs.com/datasets/daily/cscrm/1761818127.10542554.wav,"['1761818127.10542554', '1761637610.8474414', '1761706468.9054888', '1761963315.868059', '1761805559.10253817', '1761795452.10077312', '1761132305.3558313']"
1761962621.852742,1761038755.2482929,https://speaker-recognition-audio.oss-cn-shanghai-internal.aliyuncs.com/datasets/daily/cscrm/1761038755.2482929.wav,"['1761962621.852742', '1760409875.2811820', '1760509921.802991', '1761038755.2482929']"
1761961399.827763,1751507459.705028,https://speaker-recognition-audio.oss-cn-shanghai-internal.aliyuncs.com/datasets/daily/cscrm/1751507459.705028.wav,"['1751507459.705028', '1760667029.2431119', '1750495986.4755297', '1761961399.827763', '1752546728.8398342', '1761186792.3811740', '1761034161.2364885']"
1761959057.783882,1760750949.3283581,https://speaker-recognition-audio.oss-cn-shanghai-internal.aliyuncs.com/datasets/daily/cscrm/1760750949.3283581.wav,"['1760750949.3283581', '1759746017.18627118', '1760775217.3758353', '1761959057.783882', '1759655064.17914666']"
1761913277.744701,1761565110.7810284,https://speaker-recognition-audio.oss-cn-shanghai-internal.aliyuncs.com/datasets/daily/cscrm/1761565110.7810284.wav,"['1761565110.7810284', '1761913277.744701', '1757490817.2091561', '1757485602.1979541']"
1761911826.733195,1761911826.733195,https://speaker-recognition-audio.oss-cn-shanghai-internal.aliyuncs.com/datasets/daily/cscrm/1761911826.733195.wav,"['1761911826.733195', '1761036336.2424037', '1760781899.3877385', '1761559335.7720840']"
